

--truncate table sh_questionbank_year;
--truncate table sh_questionbank_type;
--truncate table sh_questionbank_course;
--truncate table sh_questionbank_question_type;

--truncate table sh_questionbank;
--truncate table sh_course;
--truncate table sh_question_type;



INSERT INTO `sh_questionbank` (`id`,`name`,`type`) VALUES (1,'中考真题','0');
INSERT INTO `sh_questionbank` (`id`,`name`,`type`) VALUES (2,'高考真题','0');
INSERT INTO `sh_questionbank` (`id`,`name`,`type`) VALUES (3,'中考模拟','0');
INSERT INTO `sh_questionbank` (`id`,`name`,`type`) VALUES (4,'高考模拟','0');


INSERT INTO `sh_course` (`id`,`name`,`short_name`) VALUES (1,'语文','语');
INSERT INTO `sh_course` (`id`,`name`,`short_name`) VALUES (2,'数学','数');
INSERT INTO `sh_course` (`id`,`name`,`short_name`) VALUES (3,'外语','外');
INSERT INTO `sh_course` (`id`,`name`,`short_name`) VALUES (4,'物理','理');
INSERT INTO `sh_course` (`id`,`name`,`short_name`) VALUES (5,'化学','化');
INSERT INTO `sh_course` (`id`,`name`,`short_name`) VALUES (6,'生物','生');
INSERT INTO `sh_course` (`id`,`name`,`short_name`) VALUES (7,'政治','政');
INSERT INTO `sh_course` (`id`,`name`,`short_name`) VALUES (8,'地理','地');
INSERT INTO `sh_course` (`id`,`name`,`short_name`) VALUES (9,'历史','史');

INSERT INTO `sh_course` (`id`,`name`,`short_name`) VALUES (10,'文科综合','文综');
INSERT INTO `sh_course` (`id`,`name`,`short_name`) VALUES (11,'理科综合','理综');



INSERT INTO `sh_question_type` (`id`,`name`) VALUES (1, '单项选择题');
INSERT INTO `sh_question_type` (`id`,`name`) VALUES (2, '多项选择题');
INSERT INTO `sh_question_type` (`id`,`name`) VALUES (3, '不定项选择题');
INSERT INTO `sh_question_type` (`id`,`name`) VALUES (4, '填空题');
INSERT INTO `sh_question_type` (`id`,`name`) VALUES (5, '主观题');
INSERT INTO `sh_question_type` (`id`,`name`) VALUES (6, '阅读简答题');
INSERT INTO `sh_question_type` (`id`,`name`) VALUES (7, '阅读选择题');
INSERT INTO `sh_question_type` (`id`,`name`) VALUES (8, '阅读填空题');
INSERT INTO `sh_question_type` (`id`,`name`) VALUES (9, '诗句填空题');
INSERT INTO `sh_question_type` (`id`,`name`) VALUES (10, '句型转换题');
INSERT INTO `sh_question_type` (`id`,`name`) VALUES (11, '简答题');
INSERT INTO `sh_question_type` (`id`,`name`) VALUES (12, '实验选择题');
INSERT INTO `sh_question_type` (`id`,`name`) VALUES (13, '实验填空题');
INSERT INTO `sh_question_type` (`id`,`name`) VALUES (14, '实验解答题');
INSERT INTO `sh_question_type` (`id`,`name`) VALUES (15, '实验计算题');
INSERT INTO `sh_question_type` (`id`,`name`) VALUES (16, '作图题');
INSERT INTO `sh_question_type` (`id`,`name`) VALUES (17, '单词拼写');
INSERT INTO `sh_question_type` (`id`,`name`) VALUES (18, '选词填空');
INSERT INTO `sh_question_type` (`id`,`name`) VALUES (19, '完型填空');
INSERT INTO `sh_question_type` (`id`,`name`) VALUES (20, '诗词填空');
INSERT INTO `sh_question_type` (`id`,`name`) VALUES (21, '诗词鉴赏');
INSERT INTO `sh_question_type` (`id`,`name`) VALUES (22, '书面表达');
INSERT INTO `sh_question_type` (`id`,`name`) VALUES (23, '作文');




INSERT INTO `sh_questionbank_course` (`sh_questionbank_id`,`sh_course_id`) VALUES (1,1);
INSERT INTO `sh_questionbank_course` (`sh_questionbank_id`,`sh_course_id`) VALUES (2,1);
INSERT INTO `sh_questionbank_course` (`sh_questionbank_id`,`sh_course_id`) VALUES (3,1);
INSERT INTO `sh_questionbank_course` (`sh_questionbank_id`,`sh_course_id`) VALUES (4,1);
INSERT INTO `sh_questionbank_course` (`sh_questionbank_id`,`sh_course_id`) VALUES (1,2);
INSERT INTO `sh_questionbank_course` (`sh_questionbank_id`,`sh_course_id`) VALUES (2,2);
INSERT INTO `sh_questionbank_course` (`sh_questionbank_id`,`sh_course_id`) VALUES (3,2);
INSERT INTO `sh_questionbank_course` (`sh_questionbank_id`,`sh_course_id`) VALUES (4,2);
INSERT INTO `sh_questionbank_course` (`sh_questionbank_id`,`sh_course_id`) VALUES (1,3);
INSERT INTO `sh_questionbank_course` (`sh_questionbank_id`,`sh_course_id`) VALUES (2,3);
INSERT INTO `sh_questionbank_course` (`sh_questionbank_id`,`sh_course_id`) VALUES (3,3);
INSERT INTO `sh_questionbank_course` (`sh_questionbank_id`,`sh_course_id`) VALUES (4,3);
INSERT INTO `sh_questionbank_course` (`sh_questionbank_id`,`sh_course_id`) VALUES (1,4);
INSERT INTO `sh_questionbank_course` (`sh_questionbank_id`,`sh_course_id`) VALUES (2,4);
INSERT INTO `sh_questionbank_course` (`sh_questionbank_id`,`sh_course_id`) VALUES (3,4);
INSERT INTO `sh_questionbank_course` (`sh_questionbank_id`,`sh_course_id`) VALUES (4,4);
INSERT INTO `sh_questionbank_course` (`sh_questionbank_id`,`sh_course_id`) VALUES (1,5);
INSERT INTO `sh_questionbank_course` (`sh_questionbank_id`,`sh_course_id`) VALUES (2,5);
INSERT INTO `sh_questionbank_course` (`sh_questionbank_id`,`sh_course_id`) VALUES (3,5);
INSERT INTO `sh_questionbank_course` (`sh_questionbank_id`,`sh_course_id`) VALUES (4,5);
INSERT INTO `sh_questionbank_course` (`sh_questionbank_id`,`sh_course_id`) VALUES (1,6);
INSERT INTO `sh_questionbank_course` (`sh_questionbank_id`,`sh_course_id`) VALUES (2,6);
INSERT INTO `sh_questionbank_course` (`sh_questionbank_id`,`sh_course_id`) VALUES (3,6);
INSERT INTO `sh_questionbank_course` (`sh_questionbank_id`,`sh_course_id`) VALUES (4,6);
INSERT INTO `sh_questionbank_course` (`sh_questionbank_id`,`sh_course_id`) VALUES (1,7);
INSERT INTO `sh_questionbank_course` (`sh_questionbank_id`,`sh_course_id`) VALUES (2,7);
INSERT INTO `sh_questionbank_course` (`sh_questionbank_id`,`sh_course_id`) VALUES (3,7);
INSERT INTO `sh_questionbank_course` (`sh_questionbank_id`,`sh_course_id`) VALUES (4,7);
INSERT INTO `sh_questionbank_course` (`sh_questionbank_id`,`sh_course_id`) VALUES (1,8);
INSERT INTO `sh_questionbank_course` (`sh_questionbank_id`,`sh_course_id`) VALUES (2,8);
INSERT INTO `sh_questionbank_course` (`sh_questionbank_id`,`sh_course_id`) VALUES (3,8);
INSERT INTO `sh_questionbank_course` (`sh_questionbank_id`,`sh_course_id`) VALUES (4,8);
INSERT INTO `sh_questionbank_course` (`sh_questionbank_id`,`sh_course_id`) VALUES (1,9);
INSERT INTO `sh_questionbank_course` (`sh_questionbank_id`,`sh_course_id`) VALUES (2,9);
INSERT INTO `sh_questionbank_course` (`sh_questionbank_id`,`sh_course_id`) VALUES (3,9);
INSERT INTO `sh_questionbank_course` (`sh_questionbank_id`,`sh_course_id`) VALUES (4,9);
INSERT INTO `sh_questionbank_course` (`sh_questionbank_id`,`sh_course_id`) VALUES (1,10);
INSERT INTO `sh_questionbank_course` (`sh_questionbank_id`,`sh_course_id`) VALUES (2,10);
INSERT INTO `sh_questionbank_course` (`sh_questionbank_id`,`sh_course_id`) VALUES (3,10);
INSERT INTO `sh_questionbank_course` (`sh_questionbank_id`,`sh_course_id`) VALUES (4,10);
INSERT INTO `sh_questionbank_course` (`sh_questionbank_id`,`sh_course_id`) VALUES (1,11);
INSERT INTO `sh_questionbank_course` (`sh_questionbank_id`,`sh_course_id`) VALUES (2,11);
INSERT INTO `sh_questionbank_course` (`sh_questionbank_id`,`sh_course_id`) VALUES (3,11);
INSERT INTO `sh_questionbank_course` (`sh_questionbank_id`,`sh_course_id`) VALUES (4,11);



INSERT INTO sh_questionbank_year(sh_questionbank_id,year) VALUES(1,'2011');
INSERT INTO sh_questionbank_year(sh_questionbank_id,year) VALUES(1,'2012');
INSERT INTO sh_questionbank_year(sh_questionbank_id,year) VALUES(1,'2013');
INSERT INTO sh_questionbank_year(sh_questionbank_id,year) VALUES(1,'2014');
INSERT INTO sh_questionbank_year(sh_questionbank_id,year) VALUES(1,'2015');
INSERT INTO sh_questionbank_year(sh_questionbank_id,year) VALUES(1,'2016');
INSERT INTO sh_questionbank_year(sh_questionbank_id,year) VALUES(1,'2017');
INSERT INTO sh_questionbank_year(sh_questionbank_id,year) VALUES(1,'2018');
INSERT INTO sh_questionbank_year(sh_questionbank_id,year) VALUES(1,'2019');
INSERT INTO sh_questionbank_year(sh_questionbank_id,year) VALUES(1,'2020');

INSERT INTO sh_questionbank_year(sh_questionbank_id,year) VALUES(2,'2010');
INSERT INTO sh_questionbank_year(sh_questionbank_id,year) VALUES(2,'2011');
INSERT INTO sh_questionbank_year(sh_questionbank_id,year) VALUES(2,'2012');
INSERT INTO sh_questionbank_year(sh_questionbank_id,year) VALUES(2,'2013');
INSERT INTO sh_questionbank_year(sh_questionbank_id,year) VALUES(2,'2014');
INSERT INTO sh_questionbank_year(sh_questionbank_id,year) VALUES(2,'2015');
INSERT INTO sh_questionbank_year(sh_questionbank_id,year) VALUES(2,'2016');
INSERT INTO sh_questionbank_year(sh_questionbank_id,year) VALUES(2,'2017');
INSERT INTO sh_questionbank_year(sh_questionbank_id,year) VALUES(2,'2018');
INSERT INTO sh_questionbank_year(sh_questionbank_id,year) VALUES(2,'2019');
INSERT INTO sh_questionbank_year(sh_questionbank_id,year) VALUES(2,'2020');

INSERT INTO sh_questionbank_year(sh_questionbank_id,year) VALUES(3,'2011');
INSERT INTO sh_questionbank_year(sh_questionbank_id,year) VALUES(3,'2012');
INSERT INTO sh_questionbank_year(sh_questionbank_id,year) VALUES(3,'2013');
INSERT INTO sh_questionbank_year(sh_questionbank_id,year) VALUES(3,'2014');
INSERT INTO sh_questionbank_year(sh_questionbank_id,year) VALUES(3,'2015');
INSERT INTO sh_questionbank_year(sh_questionbank_id,year) VALUES(3,'2016');
INSERT INTO sh_questionbank_year(sh_questionbank_id,year) VALUES(3,'2017');
INSERT INTO sh_questionbank_year(sh_questionbank_id,year) VALUES(3,'2018');
INSERT INTO sh_questionbank_year(sh_questionbank_id,year) VALUES(3,'2019');
INSERT INTO sh_questionbank_year(sh_questionbank_id,year) VALUES(3,'2020');

INSERT INTO sh_questionbank_year(sh_questionbank_id,year) VALUES(4,'2010');
INSERT INTO sh_questionbank_year(sh_questionbank_id,year) VALUES(4,'2011');
INSERT INTO sh_questionbank_year(sh_questionbank_id,year) VALUES(4,'2012');
INSERT INTO sh_questionbank_year(sh_questionbank_id,year) VALUES(4,'2013');
INSERT INTO sh_questionbank_year(sh_questionbank_id,year) VALUES(4,'2014');
INSERT INTO sh_questionbank_year(sh_questionbank_id,year) VALUES(4,'2015');
INSERT INTO sh_questionbank_year(sh_questionbank_id,year) VALUES(4,'2016');
INSERT INTO sh_questionbank_year(sh_questionbank_id,year) VALUES(4,'2017');
INSERT INTO sh_questionbank_year(sh_questionbank_id,year) VALUES(4,'2018');
INSERT INTO sh_questionbank_year(sh_questionbank_id,year) VALUES(4,'2019');
INSERT INTO sh_questionbank_year(sh_questionbank_id,year) VALUES(4,'2020');






INSERT INTO `sh_questionbank_type` (`id`,`sh_questionbank_id`,`name`) VALUES (1,1,'山东青岛卷');
INSERT INTO `sh_questionbank_type` (`id`,`sh_questionbank_id`,`name`) VALUES (2,1,'天津卷');
INSERT INTO `sh_questionbank_type` (`id`,`sh_questionbank_id`,`name`) VALUES (3,1,'江苏连云港卷');
INSERT INTO `sh_questionbank_type` (`id`,`sh_questionbank_id`,`name`) VALUES (4,1,'江苏宿迁卷');
INSERT INTO `sh_questionbank_type` (`id`,`sh_questionbank_id`,`name`) VALUES (5,1,'山东淄博卷');
INSERT INTO `sh_questionbank_type` (`id`,`sh_questionbank_id`,`name`) VALUES (6,1,'江苏南通卷');
INSERT INTO `sh_questionbank_type` (`id`,`sh_questionbank_id`,`name`) VALUES (7,1,'江苏盐城卷');
INSERT INTO `sh_questionbank_type` (`id`,`sh_questionbank_id`,`name`) VALUES (8,1,'江苏镇江卷');
INSERT INTO `sh_questionbank_type` (`id`,`sh_questionbank_id`,`name`) VALUES (9,1,'江苏无锡卷');
INSERT INTO `sh_questionbank_type` (`id`,`sh_questionbank_id`,`name`) VALUES (10,1,'江苏徐州卷');
INSERT INTO `sh_questionbank_type` (`id`,`sh_questionbank_id`,`name`) VALUES (11,1,'山东威海卷	');
INSERT INTO `sh_questionbank_type` (`id`,`sh_questionbank_id`,`name`) VALUES (12,3,'山东青岛卷');
INSERT INTO `sh_questionbank_type` (`id`,`sh_questionbank_id`,`name`) VALUES (13,3,'天津卷');
INSERT INTO `sh_questionbank_type` (`id`,`sh_questionbank_id`,`name`) VALUES (14,3,'江苏连云港卷');
INSERT INTO `sh_questionbank_type` (`id`,`sh_questionbank_id`,`name`) VALUES (15,3,'江苏宿迁卷');
INSERT INTO `sh_questionbank_type` (`id`,`sh_questionbank_id`,`name`) VALUES (16,3,'山东淄博卷');
INSERT INTO `sh_questionbank_type` (`id`,`sh_questionbank_id`,`name`) VALUES (17,3,'江苏南通卷');
INSERT INTO `sh_questionbank_type` (`id`,`sh_questionbank_id`,`name`) VALUES (18,3,'江苏盐城卷');
INSERT INTO `sh_questionbank_type` (`id`,`sh_questionbank_id`,`name`) VALUES (19,3,'江苏镇江卷');
INSERT INTO `sh_questionbank_type` (`id`,`sh_questionbank_id`,`name`) VALUES (20,3,'江苏无锡卷');
INSERT INTO `sh_questionbank_type` (`id`,`sh_questionbank_id`,`name`) VALUES (21,3,'江苏徐州卷');
INSERT INTO `sh_questionbank_type` (`id`,`sh_questionbank_id`,`name`) VALUES (22,3,'山东威海卷');
INSERT INTO `sh_questionbank_type` (`id`,`sh_questionbank_id`,`name`) VALUES (23,2,'新课标I');
INSERT INTO `sh_questionbank_type` (`id`,`sh_questionbank_id`,`name`) VALUES (24,2,'新课标II');
INSERT INTO `sh_questionbank_type` (`id`,`sh_questionbank_id`,`name`) VALUES (25,2,'北京卷');
INSERT INTO `sh_questionbank_type` (`id`,`sh_questionbank_id`,`name`) VALUES (26,2,'天津卷');
INSERT INTO `sh_questionbank_type` (`id`,`sh_questionbank_id`,`name`) VALUES (27,2,'上海卷');
INSERT INTO `sh_questionbank_type` (`id`,`sh_questionbank_id`,`name`) VALUES (28,2,'广东卷');
INSERT INTO `sh_questionbank_type` (`id`,`sh_questionbank_id`,`name`) VALUES (29,2,'山东卷');
INSERT INTO `sh_questionbank_type` (`id`,`sh_questionbank_id`,`name`) VALUES (30,2,'江苏卷');
INSERT INTO `sh_questionbank_type` (`id`,`sh_questionbank_id`,`name`) VALUES (31,2,'安徽卷');
INSERT INTO `sh_questionbank_type` (`id`,`sh_questionbank_id`,`name`) VALUES (32,2,'浙江卷');
INSERT INTO `sh_questionbank_type` (`id`,`sh_questionbank_id`,`name`) VALUES (33,2,'福建卷');
INSERT INTO `sh_questionbank_type` (`id`,`sh_questionbank_id`,`name`) VALUES (34,2,'湖南卷');
INSERT INTO `sh_questionbank_type` (`id`,`sh_questionbank_id`,`name`) VALUES (35,2,'湖北卷');
INSERT INTO `sh_questionbank_type` (`id`,`sh_questionbank_id`,`name`) VALUES (36,2,'陕西卷');
INSERT INTO `sh_questionbank_type` (`id`,`sh_questionbank_id`,`name`) VALUES (37,2,'四川卷');
INSERT INTO `sh_questionbank_type` (`id`,`sh_questionbank_id`,`name`) VALUES (38,2,'重庆卷');
INSERT INTO `sh_questionbank_type` (`id`,`sh_questionbank_id`,`name`) VALUES (39,2,'海南卷');
INSERT INTO `sh_questionbank_type` (`id`,`sh_questionbank_id`,`name`) VALUES (40,4,'新课标I');
INSERT INTO `sh_questionbank_type` (`id`,`sh_questionbank_id`,`name`) VALUES (41,4,'新课标II');
INSERT INTO `sh_questionbank_type` (`id`,`sh_questionbank_id`,`name`) VALUES (42,4,'北京卷');
INSERT INTO `sh_questionbank_type` (`id`,`sh_questionbank_id`,`name`) VALUES (43,4,'天津卷');
INSERT INTO `sh_questionbank_type` (`id`,`sh_questionbank_id`,`name`) VALUES (44,4,'上海卷');
INSERT INTO `sh_questionbank_type` (`id`,`sh_questionbank_id`,`name`) VALUES (45,4,'广东卷');
INSERT INTO `sh_questionbank_type` (`id`,`sh_questionbank_id`,`name`) VALUES (46,4,'山东卷');
INSERT INTO `sh_questionbank_type` (`id`,`sh_questionbank_id`,`name`) VALUES (47,4,'江苏卷');
INSERT INTO `sh_questionbank_type` (`id`,`sh_questionbank_id`,`name`) VALUES (48,4,'安徽卷');
INSERT INTO `sh_questionbank_type` (`id`,`sh_questionbank_id`,`name`) VALUES (49,4,'浙江卷');
INSERT INTO `sh_questionbank_type` (`id`,`sh_questionbank_id`,`name`) VALUES (50,4,'福建卷');
INSERT INTO `sh_questionbank_type` (`id`,`sh_questionbank_id`,`name`) VALUES (51,4,'湖南卷');
INSERT INTO `sh_questionbank_type` (`id`,`sh_questionbank_id`,`name`) VALUES (52,4,'湖北卷');
INSERT INTO `sh_questionbank_type` (`id`,`sh_questionbank_id`,`name`) VALUES (53,4,'陕西卷');
INSERT INTO `sh_questionbank_type` (`id`,`sh_questionbank_id`,`name`) VALUES (54,4,'四川卷');
INSERT INTO `sh_questionbank_type` (`id`,`sh_questionbank_id`,`name`) VALUES (55,4,'重庆卷');
INSERT INTO `sh_questionbank_type` (`id`,`sh_questionbank_id`,`name`) VALUES (56,4,'海南卷');

INSERT INTO `sh_grade` (`id`,`name`) VALUES (1,'初一');
INSERT INTO `sh_grade` (`id`,`name`) VALUES (2,'初二');
INSERT INTO `sh_grade` (`id`,`name`) VALUES (3,'初三');
INSERT INTO `sh_grade` (`id`,`name`) VALUES (4,'高一');
INSERT INTO `sh_grade` (`id`,`name`) VALUES (5,'高二');
INSERT INTO `sh_grade` (`id`,`name`) VALUES (6,'高三');

INSERT INTO `sh_material_version` (`name`,`default`) VALUES ('人教',1);
INSERT INTO `sh_material_version` (`name`,`default`) VALUES ('人民',0);
INSERT INTO `sh_material_version` (`name`,`default`) VALUES ('北师大',0);
INSERT INTO `sh_material_version` (`name`,`default`) VALUES ('牛津版',0);
INSERT INTO `sh_material_version` (`name`,`default`) VALUES ('语文',0);
INSERT INTO `sh_material_version` (`name`,`default`) VALUES ('冀教版',0);
INSERT INTO `sh_material_version` (`name`,`default`) VALUES ('沪科版',0);
INSERT INTO `sh_material_version` (`name`,`default`) VALUES ('鲁教版',0);
INSERT INTO `sh_material_version` (`name`,`default`) VALUES ('粤教版',0);
INSERT INTO `sh_material_version` (`name`,`default`) VALUES ('仁爱版',0);
INSERT INTO `sh_material_version` (`name`,`default`) VALUES ('苏教版',0);
INSERT INTO `sh_material_version` (`name`,`default`) VALUES ('湘教版',0);
INSERT INTO `sh_material_version` (`name`,`default`) VALUES ('中图版',0);
INSERT INTO `sh_material_version` (`name`,`default`) VALUES ('粤教沪版',0);
INSERT INTO `sh_material_version` (`name`,`default`) VALUES ('商务星球版',0);
INSERT INTO `sh_material_version` (`name`,`default`) VALUES ('重庆大学版',0);
INSERT INTO `sh_material_version` (`name`,`default`) VALUES ('上教版',0);
INSERT INTO `sh_material_version` (`name`,`default`) VALUES ('沪教版',0);
INSERT INTO `sh_material_version` (`name`,`default`) VALUES ('江苏版',0);
INSERT INTO `sh_material_version` (`name`,`default`) VALUES ('浙教版',0);
INSERT INTO `sh_material_version` (`name`,`default`) VALUES ('浙科版',0);
INSERT INTO `sh_material_version` (`name`,`default`) VALUES ('鲁人版',0);
INSERT INTO `sh_material_version` (`name`,`default`) VALUES ('鲁科版',0);
INSERT INTO `sh_material_version` (`name`,`default`) VALUES ('湘师版',0);
INSERT INTO `sh_material_version` (`name`,`default`) VALUES ('华师大',0);
INSERT INTO `sh_material_version` (`name`,`default`) VALUES ('川教版',0);
INSERT INTO `sh_material_version` (`name`,`default`) VALUES ('陕教版',0);
INSERT INTO `sh_material_version` (`name`,`default`) VALUES ('岳麓版',0);
INSERT INTO `sh_material_version` (`name`,`default`) VALUES ('大象版',0);
INSERT INTO `sh_material_version` (`name`,`default`) VALUES ('外研版',0);
INSERT INTO `sh_material_version` (`name`,`default`) VALUES ('中华书局',0);
INSERT INTO `sh_material_version` (`name`,`default`) VALUES ('星球版',0);
INSERT INTO `sh_material_version` (`name`,`default`) VALUES ('北京版',0);
INSERT INTO `sh_material_version` (`name`,`default`) VALUES ('济南版',0);

INSERT INTO `sh_area` (`id`,`parent_id`,`code`,`name`,`enabled`) VALUES (1049,0,'1','北京','1');
INSERT INTO `sh_area` (`id`,`parent_id`,`code`,`name`,`enabled`) VALUES (1050,1049,'110101','东城区','1');
INSERT INTO `sh_area` (`id`,`parent_id`,`code`,`name`,`enabled`) VALUES (1051,1049,'110102','西城区','1');
INSERT INTO `sh_area` (`id`,`parent_id`,`code`,`name`,`enabled`) VALUES (1052,1049,'110103','崇文区','1');
INSERT INTO `sh_area` (`id`,`parent_id`,`code`,`name`,`enabled`) VALUES (1053,1049,'110104','宣武区','1');
INSERT INTO `sh_area` (`id`,`parent_id`,`code`,`name`,`enabled`) VALUES (1054,1049,'110105','朝阳区','1');
INSERT INTO `sh_area` (`id`,`parent_id`,`code`,`name`,`enabled`) VALUES (1055,1049,'110106','丰台区','1');
INSERT INTO `sh_area` (`id`,`parent_id`,`code`,`name`,`enabled`) VALUES (1056,1049,'110107','石景山区','1');
INSERT INTO `sh_area` (`id`,`parent_id`,`code`,`name`,`enabled`) VALUES (1057,1049,'110108','海淀区','1');
INSERT INTO `sh_area` (`id`,`parent_id`,`code`,`name`,`enabled`) VALUES (1058,1049,'110109','门头沟区','1');
INSERT INTO `sh_area` (`id`,`parent_id`,`code`,`name`,`enabled`) VALUES (1059,1049,'110111','房山区','1');
INSERT INTO `sh_area` (`id`,`parent_id`,`code`,`name`,`enabled`) VALUES (1060,1049,'110112','通州区','1');
INSERT INTO `sh_area` (`id`,`parent_id`,`code`,`name`,`enabled`) VALUES (1061,1049,'110113','顺义区','1');
INSERT INTO `sh_area` (`id`,`parent_id`,`code`,`name`,`enabled`) VALUES (1062,1049,'110114','昌平区','1');
INSERT INTO `sh_area` (`id`,`parent_id`,`code`,`name`,`enabled`) VALUES (1063,1049,'110115','大兴区','1');
INSERT INTO `sh_area` (`id`,`parent_id`,`code`,`name`,`enabled`) VALUES (1064,1049,'110116','怀柔区','1');
INSERT INTO `sh_area` (`id`,`parent_id`,`code`,`name`,`enabled`) VALUES (1065,1049,'110117','平谷区','1');
INSERT INTO `sh_area` (`id`,`parent_id`,`code`,`name`,`enabled`) VALUES (1066,1049,'110228','密云县','1');
INSERT INTO `sh_area` (`id`,`parent_id`,`code`,`name`,`enabled`) VALUES (1067,1049,'110229','延庆县','1');
INSERT INTO `sh_area` (`id`,`parent_id`,`code`,`name`,`enabled`) VALUES (1068,0,'1','上海','1');
INSERT INTO `sh_area` (`id`,`parent_id`,`code`,`name`,`enabled`) VALUES (1069,1068,'310101','黄浦区','1');
INSERT INTO `sh_area` (`id`,`parent_id`,`code`,`name`,`enabled`) VALUES (1070,1068,'310103','卢湾区','1');
INSERT INTO `sh_area` (`id`,`parent_id`,`code`,`name`,`enabled`) VALUES (1071,1068,'310104','徐汇区','1');
INSERT INTO `sh_area` (`id`,`parent_id`,`code`,`name`,`enabled`) VALUES (1072,1068,'310105','长宁区','1');
INSERT INTO `sh_area` (`id`,`parent_id`,`code`,`name`,`enabled`) VALUES (1073,1068,'310106','静安区','1');
INSERT INTO `sh_area` (`id`,`parent_id`,`code`,`name`,`enabled`) VALUES (1074,1068,'310107','普陀区','1');
INSERT INTO `sh_area` (`id`,`parent_id`,`code`,`name`,`enabled`) VALUES (1075,1068,'310108','闸北区','1');
INSERT INTO `sh_area` (`id`,`parent_id`,`code`,`name`,`enabled`) VALUES (1076,1068,'310109','虹口区','1');
INSERT INTO `sh_area` (`id`,`parent_id`,`code`,`name`,`enabled`) VALUES (1077,1068,'310110','杨浦区','1');
INSERT INTO `sh_area` (`id`,`parent_id`,`code`,`name`,`enabled`) VALUES (1078,1068,'310112','闵行区','1');
INSERT INTO `sh_area` (`id`,`parent_id`,`code`,`name`,`enabled`) VALUES (1079,1068,'310113','宝山区','1');
INSERT INTO `sh_area` (`id`,`parent_id`,`code`,`name`,`enabled`) VALUES (1080,1068,'310114','嘉定区','1');
INSERT INTO `sh_area` (`id`,`parent_id`,`code`,`name`,`enabled`) VALUES (1081,1068,'310115','浦东新区','1');
INSERT INTO `sh_area` (`id`,`parent_id`,`code`,`name`,`enabled`) VALUES (1082,1068,'310116','金山区','1');
INSERT INTO `sh_area` (`id`,`parent_id`,`code`,`name`,`enabled`) VALUES (1083,1068,'310117','松江区','1');
INSERT INTO `sh_area` (`id`,`parent_id`,`code`,`name`,`enabled`) VALUES (1084,1068,'310118','青浦区','1');
INSERT INTO `sh_area` (`id`,`parent_id`,`code`,`name`,`enabled`) VALUES (1085,1068,'310119','南汇区','1');
INSERT INTO `sh_area` (`id`,`parent_id`,`code`,`name`,`enabled`) VALUES (1086,1068,'310120','奉贤区','1');
INSERT INTO `sh_area` (`id`,`parent_id`,`code`,`name`,`enabled`) VALUES (1087,1068,'310230','崇明县','1');
INSERT INTO `sh_area` (`id`,`parent_id`,`code`,`name`,`enabled`) VALUES (1088,0,'1','天津','1');
INSERT INTO `sh_area` (`id`,`parent_id`,`code`,`name`,`enabled`) VALUES (1089,1088,'120101','和平区','1');
INSERT INTO `sh_area` (`id`,`parent_id`,`code`,`name`,`enabled`) VALUES (1090,1088,'120102','河东区','1');
INSERT INTO `sh_area` (`id`,`parent_id`,`code`,`name`,`enabled`) VALUES (1091,1088,'120103','河西区','1');
INSERT INTO `sh_area` (`id`,`parent_id`,`code`,`name`,`enabled`) VALUES (1092,1088,'120104','南开区','1');
INSERT INTO `sh_area` (`id`,`parent_id`,`code`,`name`,`enabled`) VALUES (1093,1088,'120105','河北区','1');
INSERT INTO `sh_area` (`id`,`parent_id`,`code`,`name`,`enabled`) VALUES (1094,1088,'120106','红桥区','1');
INSERT INTO `sh_area` (`id`,`parent_id`,`code`,`name`,`enabled`) VALUES (1095,1088,'120107','塘沽区','1');
INSERT INTO `sh_area` (`id`,`parent_id`,`code`,`name`,`enabled`) VALUES (1096,1088,'120108','汉沽区','1');
INSERT INTO `sh_area` (`id`,`parent_id`,`code`,`name`,`enabled`) VALUES (1097,1088,'120109','大港区','1');
INSERT INTO `sh_area` (`id`,`parent_id`,`code`,`name`,`enabled`) VALUES (1098,1088,'120110','东丽区','1');
INSERT INTO `sh_area` (`id`,`parent_id`,`code`,`name`,`enabled`) VALUES (1099,1088,'120111','西青区','1');
INSERT INTO `sh_area` (`id`,`parent_id`,`code`,`name`,`enabled`) VALUES (1100,1088,'120112','津南区','1');
INSERT INTO `sh_area` (`id`,`parent_id`,`code`,`name`,`enabled`) VALUES (1101,1088,'120113','北辰区','1');
INSERT INTO `sh_area` (`id`,`parent_id`,`code`,`name`,`enabled`) VALUES (1102,1088,'120114','武清区','1');
INSERT INTO `sh_area` (`id`,`parent_id`,`code`,`name`,`enabled`) VALUES (1103,1088,'120115','宝坻区','1');
INSERT INTO `sh_area` (`id`,`parent_id`,`code`,`name`,`enabled`) VALUES (1104,1088,'120221','宁河县','1');
INSERT INTO `sh_area` (`id`,`parent_id`,`code`,`name`,`enabled`) VALUES (1105,1088,'120223','静海县','1');
INSERT INTO `sh_area` (`id`,`parent_id`,`code`,`name`,`enabled`) VALUES (1106,1088,'120225','蓟县','1');
INSERT INTO `sh_area` (`id`,`parent_id`,`code`,`name`,`enabled`) VALUES (1107,0,'1','重庆','1');
INSERT INTO `sh_area` (`id`,`parent_id`,`code`,`name`,`enabled`) VALUES (1108,1107,'500101','万州区','1');
INSERT INTO `sh_area` (`id`,`parent_id`,`code`,`name`,`enabled`) VALUES (1109,1107,'500102','涪陵区','1');
INSERT INTO `sh_area` (`id`,`parent_id`,`code`,`name`,`enabled`) VALUES (1110,1107,'500103','渝中区','1');
INSERT INTO `sh_area` (`id`,`parent_id`,`code`,`name`,`enabled`) VALUES (1111,1107,'500104','大渡口区','1');
INSERT INTO `sh_area` (`id`,`parent_id`,`code`,`name`,`enabled`) VALUES (1112,1107,'500105','江北区','1');
INSERT INTO `sh_area` (`id`,`parent_id`,`code`,`name`,`enabled`) VALUES (1113,1107,'500106','沙坪坝区','1');
INSERT INTO `sh_area` (`id`,`parent_id`,`code`,`name`,`enabled`) VALUES (1114,1107,'500107','九龙坡区','1');
INSERT INTO `sh_area` (`id`,`parent_id`,`code`,`name`,`enabled`) VALUES (1115,1107,'500108','南岸区','1');
INSERT INTO `sh_area` (`id`,`parent_id`,`code`,`name`,`enabled`) VALUES (1116,1107,'500109','北碚区','1');
INSERT INTO `sh_area` (`id`,`parent_id`,`code`,`name`,`enabled`) VALUES (1117,1107,'500110','万盛区','1');
INSERT INTO `sh_area` (`id`,`parent_id`,`code`,`name`,`enabled`) VALUES (1118,1107,'500111','双桥区','1');
INSERT INTO `sh_area` (`id`,`parent_id`,`code`,`name`,`enabled`) VALUES (1119,1107,'500112','渝北区','1');
INSERT INTO `sh_area` (`id`,`parent_id`,`code`,`name`,`enabled`) VALUES (1120,1107,'500113','巴南区','1');
INSERT INTO `sh_area` (`id`,`parent_id`,`code`,`name`,`enabled`) VALUES (1121,1107,'500114','黔江区','1');
INSERT INTO `sh_area` (`id`,`parent_id`,`code`,`name`,`enabled`) VALUES (1122,1107,'500115','长寿区','1');
INSERT INTO `sh_area` (`id`,`parent_id`,`code`,`name`,`enabled`) VALUES (1123,1107,'500116','江津区','1');
INSERT INTO `sh_area` (`id`,`parent_id`,`code`,`name`,`enabled`) VALUES (1124,1107,'500117','合川区','1');
INSERT INTO `sh_area` (`id`,`parent_id`,`code`,`name`,`enabled`) VALUES (1125,1107,'500118','永川区','1');
INSERT INTO `sh_area` (`id`,`parent_id`,`code`,`name`,`enabled`) VALUES (1126,1107,'500119','南川区','1');
INSERT INTO `sh_area` (`id`,`parent_id`,`code`,`name`,`enabled`) VALUES (1127,1107,'500222','綦江县','1');
INSERT INTO `sh_area` (`id`,`parent_id`,`code`,`name`,`enabled`) VALUES (1128,1107,'500223','潼南县','1');
INSERT INTO `sh_area` (`id`,`parent_id`,`code`,`name`,`enabled`) VALUES (1129,1107,'500224','铜梁县','1');
INSERT INTO `sh_area` (`id`,`parent_id`,`code`,`name`,`enabled`) VALUES (1130,1107,'500225','大足县','1');
INSERT INTO `sh_area` (`id`,`parent_id`,`code`,`name`,`enabled`) VALUES (1131,1107,'500226','荣昌县','1');
INSERT INTO `sh_area` (`id`,`parent_id`,`code`,`name`,`enabled`) VALUES (1132,1107,'500227','璧山县','1');
INSERT INTO `sh_area` (`id`,`parent_id`,`code`,`name`,`enabled`) VALUES (1133,1107,'500228','梁平县','1');
INSERT INTO `sh_area` (`id`,`parent_id`,`code`,`name`,`enabled`) VALUES (1134,1107,'500229','城口县','1');
INSERT INTO `sh_area` (`id`,`parent_id`,`code`,`name`,`enabled`) VALUES (1135,1107,'500230','丰都县','1');
INSERT INTO `sh_area` (`id`,`parent_id`,`code`,`name`,`enabled`) VALUES (1136,1107,'500231','垫江县','1');
INSERT INTO `sh_area` (`id`,`parent_id`,`code`,`name`,`enabled`) VALUES (1137,1107,'500232','武隆县','1');
INSERT INTO `sh_area` (`id`,`parent_id`,`code`,`name`,`enabled`) VALUES (1138,1107,'500233','忠县','1');
INSERT INTO `sh_area` (`id`,`parent_id`,`code`,`name`,`enabled`) VALUES (1139,1107,'500234','开县','1');
INSERT INTO `sh_area` (`id`,`parent_id`,`code`,`name`,`enabled`) VALUES (1140,1107,'500235','云阳县','1');
INSERT INTO `sh_area` (`id`,`parent_id`,`code`,`name`,`enabled`) VALUES (1141,1107,'500236','奉节县','1');
INSERT INTO `sh_area` (`id`,`parent_id`,`code`,`name`,`enabled`) VALUES (1142,1107,'500237','巫山县','1');
INSERT INTO `sh_area` (`id`,`parent_id`,`code`,`name`,`enabled`) VALUES (1143,1107,'500238','巫溪县','1');
INSERT INTO `sh_area` (`id`,`parent_id`,`code`,`name`,`enabled`) VALUES (1144,1107,'500240','石柱土家族自治县','1');
INSERT INTO `sh_area` (`id`,`parent_id`,`code`,`name`,`enabled`) VALUES (1145,1107,'500241','秀山土家族苗族自治县','1');
INSERT INTO `sh_area` (`id`,`parent_id`,`code`,`name`,`enabled`) VALUES (1146,1107,'500242','酉阳土家族苗族自治县','1');
INSERT INTO `sh_area` (`id`,`parent_id`,`code`,`name`,`enabled`) VALUES (1147,1107,'500243','彭水苗族土家族自治县','1');
INSERT INTO `sh_area` (`id`,`parent_id`,`code`,`name`,`enabled`) VALUES (1148,0,'1','黑龙江','1');
INSERT INTO `sh_area` (`id`,`parent_id`,`code`,`name`,`enabled`) VALUES (1149,1148,'2301','哈尔滨市','1');
INSERT INTO `sh_area` (`id`,`parent_id`,`code`,`name`,`enabled`) VALUES (1150,1148,'2302','齐齐哈尔市','1');
INSERT INTO `sh_area` (`id`,`parent_id`,`code`,`name`,`enabled`) VALUES (1151,1148,'2303','鸡西市','1');
INSERT INTO `sh_area` (`id`,`parent_id`,`code`,`name`,`enabled`) VALUES (1152,1148,'2304','鹤岗市','1');
INSERT INTO `sh_area` (`id`,`parent_id`,`code`,`name`,`enabled`) VALUES (1153,1148,'2305','双鸭山市','1');
INSERT INTO `sh_area` (`id`,`parent_id`,`code`,`name`,`enabled`) VALUES (1154,1148,'2306','大庆市','1');
INSERT INTO `sh_area` (`id`,`parent_id`,`code`,`name`,`enabled`) VALUES (1155,1148,'2307','伊春市','1');
INSERT INTO `sh_area` (`id`,`parent_id`,`code`,`name`,`enabled`) VALUES (1156,1148,'2308','佳木斯市','1');
INSERT INTO `sh_area` (`id`,`parent_id`,`code`,`name`,`enabled`) VALUES (1157,1148,'2309','七台河市','1');
INSERT INTO `sh_area` (`id`,`parent_id`,`code`,`name`,`enabled`) VALUES (1158,1148,'2310','牡丹江市','1');
INSERT INTO `sh_area` (`id`,`parent_id`,`code`,`name`,`enabled`) VALUES (1159,1148,'2311','黑河市','1');
INSERT INTO `sh_area` (`id`,`parent_id`,`code`,`name`,`enabled`) VALUES (1160,1148,'2312','绥化市','1');
INSERT INTO `sh_area` (`id`,`parent_id`,`code`,`name`,`enabled`) VALUES (1161,1148,'2327','大兴安岭地区','1');
INSERT INTO `sh_area` (`id`,`parent_id`,`code`,`name`,`enabled`) VALUES (1162,0,'1','吉林','1');
INSERT INTO `sh_area` (`id`,`parent_id`,`code`,`name`,`enabled`) VALUES (1163,1162,'2201','长春市','1');
INSERT INTO `sh_area` (`id`,`parent_id`,`code`,`name`,`enabled`) VALUES (1164,1162,'2202','吉林市','1');
INSERT INTO `sh_area` (`id`,`parent_id`,`code`,`name`,`enabled`) VALUES (1165,1162,'2203','四平市','1');
INSERT INTO `sh_area` (`id`,`parent_id`,`code`,`name`,`enabled`) VALUES (1166,1162,'2204','辽源市','1');
INSERT INTO `sh_area` (`id`,`parent_id`,`code`,`name`,`enabled`) VALUES (1167,1162,'2205','通化市','1');
INSERT INTO `sh_area` (`id`,`parent_id`,`code`,`name`,`enabled`) VALUES (1168,1162,'2206','白山市','1');
INSERT INTO `sh_area` (`id`,`parent_id`,`code`,`name`,`enabled`) VALUES (1169,1162,'2207','松原市','1');
INSERT INTO `sh_area` (`id`,`parent_id`,`code`,`name`,`enabled`) VALUES (1170,1162,'2208','白城市','1');
INSERT INTO `sh_area` (`id`,`parent_id`,`code`,`name`,`enabled`) VALUES (1171,1162,'2224','延边朝鲜族自治州','1');
INSERT INTO `sh_area` (`id`,`parent_id`,`code`,`name`,`enabled`) VALUES (1172,0,'1','辽宁','1');
INSERT INTO `sh_area` (`id`,`parent_id`,`code`,`name`,`enabled`) VALUES (1173,1172,'2101','沈阳市','1');
INSERT INTO `sh_area` (`id`,`parent_id`,`code`,`name`,`enabled`) VALUES (1174,1172,'2102','大连市','1');
INSERT INTO `sh_area` (`id`,`parent_id`,`code`,`name`,`enabled`) VALUES (1175,1172,'2103','鞍山市','1');
INSERT INTO `sh_area` (`id`,`parent_id`,`code`,`name`,`enabled`) VALUES (1176,1172,'2104','抚顺市','1');
INSERT INTO `sh_area` (`id`,`parent_id`,`code`,`name`,`enabled`) VALUES (1177,1172,'2105','本溪市','1');
INSERT INTO `sh_area` (`id`,`parent_id`,`code`,`name`,`enabled`) VALUES (1178,1172,'2106','丹东市','1');
INSERT INTO `sh_area` (`id`,`parent_id`,`code`,`name`,`enabled`) VALUES (1179,1172,'2107','锦州市','1');
INSERT INTO `sh_area` (`id`,`parent_id`,`code`,`name`,`enabled`) VALUES (1180,1172,'2108','营口市','1');
INSERT INTO `sh_area` (`id`,`parent_id`,`code`,`name`,`enabled`) VALUES (1181,1172,'2109','阜新市','1');
INSERT INTO `sh_area` (`id`,`parent_id`,`code`,`name`,`enabled`) VALUES (1182,1172,'2110','辽阳市','1');
INSERT INTO `sh_area` (`id`,`parent_id`,`code`,`name`,`enabled`) VALUES (1183,1172,'2111','盘锦市','1');
INSERT INTO `sh_area` (`id`,`parent_id`,`code`,`name`,`enabled`) VALUES (1184,1172,'2112','铁岭市','1');
INSERT INTO `sh_area` (`id`,`parent_id`,`code`,`name`,`enabled`) VALUES (1185,1172,'2113','朝阳市','1');
INSERT INTO `sh_area` (`id`,`parent_id`,`code`,`name`,`enabled`) VALUES (1186,1172,'2114','葫芦岛市','1');
INSERT INTO `sh_area` (`id`,`parent_id`,`code`,`name`,`enabled`) VALUES (1187,0,'1','山东','1');
INSERT INTO `sh_area` (`id`,`parent_id`,`code`,`name`,`enabled`) VALUES (1188,1187,'3701','济南市','1');
INSERT INTO `sh_area` (`id`,`parent_id`,`code`,`name`,`enabled`) VALUES (1189,1187,'3702','青岛市','1');
INSERT INTO `sh_area` (`id`,`parent_id`,`code`,`name`,`enabled`) VALUES (1190,1187,'3703','淄博市','1');
INSERT INTO `sh_area` (`id`,`parent_id`,`code`,`name`,`enabled`) VALUES (1191,1187,'3704','枣庄市','1');
INSERT INTO `sh_area` (`id`,`parent_id`,`code`,`name`,`enabled`) VALUES (1192,1187,'3705','东营市','1');
INSERT INTO `sh_area` (`id`,`parent_id`,`code`,`name`,`enabled`) VALUES (1193,1187,'3706','烟台市','1');
INSERT INTO `sh_area` (`id`,`parent_id`,`code`,`name`,`enabled`) VALUES (1194,1187,'3707','潍坊市','1');
INSERT INTO `sh_area` (`id`,`parent_id`,`code`,`name`,`enabled`) VALUES (1195,1187,'3708','济宁市','1');
INSERT INTO `sh_area` (`id`,`parent_id`,`code`,`name`,`enabled`) VALUES (1196,1187,'3709','泰安市','1');
INSERT INTO `sh_area` (`id`,`parent_id`,`code`,`name`,`enabled`) VALUES (1197,1187,'3710','威海市','1');
INSERT INTO `sh_area` (`id`,`parent_id`,`code`,`name`,`enabled`) VALUES (1198,1187,'3711','日照市','1');
INSERT INTO `sh_area` (`id`,`parent_id`,`code`,`name`,`enabled`) VALUES (1199,1187,'3712','莱芜市','1');
INSERT INTO `sh_area` (`id`,`parent_id`,`code`,`name`,`enabled`) VALUES (1200,1187,'3713','临沂市','1');
INSERT INTO `sh_area` (`id`,`parent_id`,`code`,`name`,`enabled`) VALUES (1201,1187,'3714','德州市','1');
INSERT INTO `sh_area` (`id`,`parent_id`,`code`,`name`,`enabled`) VALUES (1202,1187,'3715','聊城市','1');
INSERT INTO `sh_area` (`id`,`parent_id`,`code`,`name`,`enabled`) VALUES (1203,1187,'3716','滨州市','1');
INSERT INTO `sh_area` (`id`,`parent_id`,`code`,`name`,`enabled`) VALUES (1204,1187,'3717','菏泽市','1');
INSERT INTO `sh_area` (`id`,`parent_id`,`code`,`name`,`enabled`) VALUES (1205,0,'1','山西','1');
INSERT INTO `sh_area` (`id`,`parent_id`,`code`,`name`,`enabled`) VALUES (1206,1205,'1401','太原市','1');
INSERT INTO `sh_area` (`id`,`parent_id`,`code`,`name`,`enabled`) VALUES (1207,1205,'1402','大同市','1');
INSERT INTO `sh_area` (`id`,`parent_id`,`code`,`name`,`enabled`) VALUES (1208,1205,'1403','阳泉市','1');
INSERT INTO `sh_area` (`id`,`parent_id`,`code`,`name`,`enabled`) VALUES (1209,1205,'1404','长治市','1');
INSERT INTO `sh_area` (`id`,`parent_id`,`code`,`name`,`enabled`) VALUES (1210,1205,'1405','晋城市','1');
INSERT INTO `sh_area` (`id`,`parent_id`,`code`,`name`,`enabled`) VALUES (1211,1205,'1406','朔州市','1');
INSERT INTO `sh_area` (`id`,`parent_id`,`code`,`name`,`enabled`) VALUES (1212,1205,'1407','晋中市','1');
INSERT INTO `sh_area` (`id`,`parent_id`,`code`,`name`,`enabled`) VALUES (1213,1205,'1408','运城市','1');
INSERT INTO `sh_area` (`id`,`parent_id`,`code`,`name`,`enabled`) VALUES (1214,1205,'1409','忻州市','1');
INSERT INTO `sh_area` (`id`,`parent_id`,`code`,`name`,`enabled`) VALUES (1215,1205,'1410','临汾市','1');
INSERT INTO `sh_area` (`id`,`parent_id`,`code`,`name`,`enabled`) VALUES (1216,1205,'1411','吕梁市','1');
INSERT INTO `sh_area` (`id`,`parent_id`,`code`,`name`,`enabled`) VALUES (1217,0,'1','陕西','1');
INSERT INTO `sh_area` (`id`,`parent_id`,`code`,`name`,`enabled`) VALUES (1218,1217,'6101','西安市','1');
INSERT INTO `sh_area` (`id`,`parent_id`,`code`,`name`,`enabled`) VALUES (1219,1217,'6102','铜川市','1');
INSERT INTO `sh_area` (`id`,`parent_id`,`code`,`name`,`enabled`) VALUES (1220,1217,'6103','宝鸡市','1');
INSERT INTO `sh_area` (`id`,`parent_id`,`code`,`name`,`enabled`) VALUES (1221,1217,'6104','咸阳市','1');
INSERT INTO `sh_area` (`id`,`parent_id`,`code`,`name`,`enabled`) VALUES (1222,1217,'6105','渭南市','1');
INSERT INTO `sh_area` (`id`,`parent_id`,`code`,`name`,`enabled`) VALUES (1223,1217,'6106','延安市','1');
INSERT INTO `sh_area` (`id`,`parent_id`,`code`,`name`,`enabled`) VALUES (1224,1217,'6107','汉中市','1');
INSERT INTO `sh_area` (`id`,`parent_id`,`code`,`name`,`enabled`) VALUES (1225,1217,'6108','榆林市','1');
INSERT INTO `sh_area` (`id`,`parent_id`,`code`,`name`,`enabled`) VALUES (1226,1217,'6109','安康市','1');
INSERT INTO `sh_area` (`id`,`parent_id`,`code`,`name`,`enabled`) VALUES (1227,1217,'6110','商洛市','1');
INSERT INTO `sh_area` (`id`,`parent_id`,`code`,`name`,`enabled`) VALUES (1228,0,'1','河北','1');
INSERT INTO `sh_area` (`id`,`parent_id`,`code`,`name`,`enabled`) VALUES (1229,1228,'1301','石家庄市','1');
INSERT INTO `sh_area` (`id`,`parent_id`,`code`,`name`,`enabled`) VALUES (1230,1228,'1302','唐山市','1');
INSERT INTO `sh_area` (`id`,`parent_id`,`code`,`name`,`enabled`) VALUES (1231,1228,'1303','秦皇岛市','1');
INSERT INTO `sh_area` (`id`,`parent_id`,`code`,`name`,`enabled`) VALUES (1232,1228,'1304','邯郸市','1');
INSERT INTO `sh_area` (`id`,`parent_id`,`code`,`name`,`enabled`) VALUES (1233,1228,'1305','邢台市','1');
INSERT INTO `sh_area` (`id`,`parent_id`,`code`,`name`,`enabled`) VALUES (1234,1228,'1306','保定市','1');
INSERT INTO `sh_area` (`id`,`parent_id`,`code`,`name`,`enabled`) VALUES (1235,1228,'1307','张家口市','1');
INSERT INTO `sh_area` (`id`,`parent_id`,`code`,`name`,`enabled`) VALUES (1236,1228,'1308','承德市','1');
INSERT INTO `sh_area` (`id`,`parent_id`,`code`,`name`,`enabled`) VALUES (1237,1228,'1309','沧州市','1');
INSERT INTO `sh_area` (`id`,`parent_id`,`code`,`name`,`enabled`) VALUES (1238,1228,'1310','廊坊市','1');
INSERT INTO `sh_area` (`id`,`parent_id`,`code`,`name`,`enabled`) VALUES (1239,1228,'1311','衡水市','1');
INSERT INTO `sh_area` (`id`,`parent_id`,`code`,`name`,`enabled`) VALUES (1240,0,'1','河南','1');
INSERT INTO `sh_area` (`id`,`parent_id`,`code`,`name`,`enabled`) VALUES (1241,1240,'4101','郑州市','1');
INSERT INTO `sh_area` (`id`,`parent_id`,`code`,`name`,`enabled`) VALUES (1242,1240,'4102','开封市','1');
INSERT INTO `sh_area` (`id`,`parent_id`,`code`,`name`,`enabled`) VALUES (1243,1240,'4103','洛阳市','1');
INSERT INTO `sh_area` (`id`,`parent_id`,`code`,`name`,`enabled`) VALUES (1244,1240,'4104','平顶山市','1');
INSERT INTO `sh_area` (`id`,`parent_id`,`code`,`name`,`enabled`) VALUES (1245,1240,'4105','安阳市','1');
INSERT INTO `sh_area` (`id`,`parent_id`,`code`,`name`,`enabled`) VALUES (1246,1240,'4106','鹤壁市','1');
INSERT INTO `sh_area` (`id`,`parent_id`,`code`,`name`,`enabled`) VALUES (1247,1240,'4107','新乡市','1');
INSERT INTO `sh_area` (`id`,`parent_id`,`code`,`name`,`enabled`) VALUES (1248,1240,'4108','焦作市','1');
INSERT INTO `sh_area` (`id`,`parent_id`,`code`,`name`,`enabled`) VALUES (1249,1240,'4109','濮阳市','1');
INSERT INTO `sh_area` (`id`,`parent_id`,`code`,`name`,`enabled`) VALUES (1250,1240,'4110','许昌市','1');
INSERT INTO `sh_area` (`id`,`parent_id`,`code`,`name`,`enabled`) VALUES (1251,1240,'4111','漯河市','1');
INSERT INTO `sh_area` (`id`,`parent_id`,`code`,`name`,`enabled`) VALUES (1252,1240,'4112','三门峡市','1');
INSERT INTO `sh_area` (`id`,`parent_id`,`code`,`name`,`enabled`) VALUES (1253,1240,'4113','南阳市','1');
INSERT INTO `sh_area` (`id`,`parent_id`,`code`,`name`,`enabled`) VALUES (1254,1240,'4114','商丘市','1');
INSERT INTO `sh_area` (`id`,`parent_id`,`code`,`name`,`enabled`) VALUES (1255,1240,'4115','信阳市','1');
INSERT INTO `sh_area` (`id`,`parent_id`,`code`,`name`,`enabled`) VALUES (1256,1240,'4116','周口市','1');
INSERT INTO `sh_area` (`id`,`parent_id`,`code`,`name`,`enabled`) VALUES (1257,1240,'4117','驻马店市','1');
INSERT INTO `sh_area` (`id`,`parent_id`,`code`,`name`,`enabled`) VALUES (1258,1240,'4118','济源市','1');
INSERT INTO `sh_area` (`id`,`parent_id`,`code`,`name`,`enabled`) VALUES (1259,0,'1','湖北','1');
INSERT INTO `sh_area` (`id`,`parent_id`,`code`,`name`,`enabled`) VALUES (1260,1259,'4201','武汉市','1');
INSERT INTO `sh_area` (`id`,`parent_id`,`code`,`name`,`enabled`) VALUES (1261,1259,'4202','黄石市','1');
INSERT INTO `sh_area` (`id`,`parent_id`,`code`,`name`,`enabled`) VALUES (1262,1259,'4203','十堰市','1');
INSERT INTO `sh_area` (`id`,`parent_id`,`code`,`name`,`enabled`) VALUES (1263,1259,'4205','宜昌市','1');
INSERT INTO `sh_area` (`id`,`parent_id`,`code`,`name`,`enabled`) VALUES (1264,1259,'4206','襄樊市','1');
INSERT INTO `sh_area` (`id`,`parent_id`,`code`,`name`,`enabled`) VALUES (1265,1259,'4207','鄂州市','1');
INSERT INTO `sh_area` (`id`,`parent_id`,`code`,`name`,`enabled`) VALUES (1266,1259,'4208','荆门市','1');
INSERT INTO `sh_area` (`id`,`parent_id`,`code`,`name`,`enabled`) VALUES (1267,1259,'4209','孝感市','1');
INSERT INTO `sh_area` (`id`,`parent_id`,`code`,`name`,`enabled`) VALUES (1268,1259,'4210','荆州市','1');
INSERT INTO `sh_area` (`id`,`parent_id`,`code`,`name`,`enabled`) VALUES (1269,1259,'4211','黄冈市','1');
INSERT INTO `sh_area` (`id`,`parent_id`,`code`,`name`,`enabled`) VALUES (1270,1259,'4212','咸宁市','1');
INSERT INTO `sh_area` (`id`,`parent_id`,`code`,`name`,`enabled`) VALUES (1271,1259,'4213','随州市','1');
INSERT INTO `sh_area` (`id`,`parent_id`,`code`,`name`,`enabled`) VALUES (1272,1259,'4228','恩施土家族苗族自治州','1');
INSERT INTO `sh_area` (`id`,`parent_id`,`code`,`name`,`enabled`) VALUES (1273,1259,'429004','仙桃市','1');
INSERT INTO `sh_area` (`id`,`parent_id`,`code`,`name`,`enabled`) VALUES (1274,1259,'429005','潜江市','1');
INSERT INTO `sh_area` (`id`,`parent_id`,`code`,`name`,`enabled`) VALUES (1275,1259,'429006','天门市','1');
INSERT INTO `sh_area` (`id`,`parent_id`,`code`,`name`,`enabled`) VALUES (1276,1259,'429021','神农架林区','1');
INSERT INTO `sh_area` (`id`,`parent_id`,`code`,`name`,`enabled`) VALUES (1277,0,'1','湖南','1');
INSERT INTO `sh_area` (`id`,`parent_id`,`code`,`name`,`enabled`) VALUES (1278,1277,'4301','长沙市','1');
INSERT INTO `sh_area` (`id`,`parent_id`,`code`,`name`,`enabled`) VALUES (1279,1277,'4302','株洲市','1');
INSERT INTO `sh_area` (`id`,`parent_id`,`code`,`name`,`enabled`) VALUES (1280,1277,'4303','湘潭市','1');
INSERT INTO `sh_area` (`id`,`parent_id`,`code`,`name`,`enabled`) VALUES (1281,1277,'4304','衡阳市','1');
INSERT INTO `sh_area` (`id`,`parent_id`,`code`,`name`,`enabled`) VALUES (1282,1277,'4305','邵阳市','1');
INSERT INTO `sh_area` (`id`,`parent_id`,`code`,`name`,`enabled`) VALUES (1283,1277,'4306','岳阳市','1');
INSERT INTO `sh_area` (`id`,`parent_id`,`code`,`name`,`enabled`) VALUES (1284,1277,'4307','常德市','1');
INSERT INTO `sh_area` (`id`,`parent_id`,`code`,`name`,`enabled`) VALUES (1285,1277,'4308','张家界市','1');
INSERT INTO `sh_area` (`id`,`parent_id`,`code`,`name`,`enabled`) VALUES (1286,1277,'4309','益阳市','1');
INSERT INTO `sh_area` (`id`,`parent_id`,`code`,`name`,`enabled`) VALUES (1287,1277,'4310','郴州市','1');
INSERT INTO `sh_area` (`id`,`parent_id`,`code`,`name`,`enabled`) VALUES (1288,1277,'4311','永州市','1');
INSERT INTO `sh_area` (`id`,`parent_id`,`code`,`name`,`enabled`) VALUES (1289,1277,'4312','怀化市','1');
INSERT INTO `sh_area` (`id`,`parent_id`,`code`,`name`,`enabled`) VALUES (1290,1277,'4313','娄底市','1');
INSERT INTO `sh_area` (`id`,`parent_id`,`code`,`name`,`enabled`) VALUES (1291,1277,'4331','湘西土家族苗族自治州','1');
INSERT INTO `sh_area` (`id`,`parent_id`,`code`,`name`,`enabled`) VALUES (1292,0,'1','海南','1');
INSERT INTO `sh_area` (`id`,`parent_id`,`code`,`name`,`enabled`) VALUES (1293,1292,'4601','海口市','1');
INSERT INTO `sh_area` (`id`,`parent_id`,`code`,`name`,`enabled`) VALUES (1294,1292,'4602','三亚市','1');
INSERT INTO `sh_area` (`id`,`parent_id`,`code`,`name`,`enabled`) VALUES (1295,1292,'469001','五指山市','1');
INSERT INTO `sh_area` (`id`,`parent_id`,`code`,`name`,`enabled`) VALUES (1296,1292,'469002','琼海市','1');
INSERT INTO `sh_area` (`id`,`parent_id`,`code`,`name`,`enabled`) VALUES (1297,1292,'469003','儋州市','1');
INSERT INTO `sh_area` (`id`,`parent_id`,`code`,`name`,`enabled`) VALUES (1298,1292,'469005','文昌市','1');
INSERT INTO `sh_area` (`id`,`parent_id`,`code`,`name`,`enabled`) VALUES (1299,1292,'469006','万宁市','1');
INSERT INTO `sh_area` (`id`,`parent_id`,`code`,`name`,`enabled`) VALUES (1300,1292,'469007','东方市','1');
INSERT INTO `sh_area` (`id`,`parent_id`,`code`,`name`,`enabled`) VALUES (1301,1292,'469025','定安县','1');
INSERT INTO `sh_area` (`id`,`parent_id`,`code`,`name`,`enabled`) VALUES (1302,1292,'469026','屯昌县','1');
INSERT INTO `sh_area` (`id`,`parent_id`,`code`,`name`,`enabled`) VALUES (1303,1292,'469027','澄迈县','1');
INSERT INTO `sh_area` (`id`,`parent_id`,`code`,`name`,`enabled`) VALUES (1304,1292,'469028','临高县','1');
INSERT INTO `sh_area` (`id`,`parent_id`,`code`,`name`,`enabled`) VALUES (1305,1292,'469030','白沙黎族自治县','1');
INSERT INTO `sh_area` (`id`,`parent_id`,`code`,`name`,`enabled`) VALUES (1306,1292,'469031','昌江黎族自治县','1');
INSERT INTO `sh_area` (`id`,`parent_id`,`code`,`name`,`enabled`) VALUES (1307,1292,'469033','乐东黎族自治县','1');
INSERT INTO `sh_area` (`id`,`parent_id`,`code`,`name`,`enabled`) VALUES (1308,1292,'469034','陵水黎族自治县','1');
INSERT INTO `sh_area` (`id`,`parent_id`,`code`,`name`,`enabled`) VALUES (1309,1292,'469035','保亭黎族苗族自治县','1');
INSERT INTO `sh_area` (`id`,`parent_id`,`code`,`name`,`enabled`) VALUES (1310,1292,'469036','琼中黎族苗族自治县','1');
INSERT INTO `sh_area` (`id`,`parent_id`,`code`,`name`,`enabled`) VALUES (1311,0,'1','江苏','1');
INSERT INTO `sh_area` (`id`,`parent_id`,`code`,`name`,`enabled`) VALUES (1312,1311,'3201','南京市','1');
INSERT INTO `sh_area` (`id`,`parent_id`,`code`,`name`,`enabled`) VALUES (1313,1311,'3202','无锡市','1');
INSERT INTO `sh_area` (`id`,`parent_id`,`code`,`name`,`enabled`) VALUES (1314,1311,'3203','徐州市','1');
INSERT INTO `sh_area` (`id`,`parent_id`,`code`,`name`,`enabled`) VALUES (1315,1311,'3204','常州市','1');
INSERT INTO `sh_area` (`id`,`parent_id`,`code`,`name`,`enabled`) VALUES (1316,1311,'3205','苏州市','1');
INSERT INTO `sh_area` (`id`,`parent_id`,`code`,`name`,`enabled`) VALUES (1317,1311,'3206','南通市','1');
INSERT INTO `sh_area` (`id`,`parent_id`,`code`,`name`,`enabled`) VALUES (1318,1311,'3207','连云港市','1');
INSERT INTO `sh_area` (`id`,`parent_id`,`code`,`name`,`enabled`) VALUES (1319,1311,'3208','淮安市','1');
INSERT INTO `sh_area` (`id`,`parent_id`,`code`,`name`,`enabled`) VALUES (1320,1311,'3209','盐城市','1');
INSERT INTO `sh_area` (`id`,`parent_id`,`code`,`name`,`enabled`) VALUES (1321,1311,'3210','扬州市','1');
INSERT INTO `sh_area` (`id`,`parent_id`,`code`,`name`,`enabled`) VALUES (1322,1311,'3211','镇江市','1');
INSERT INTO `sh_area` (`id`,`parent_id`,`code`,`name`,`enabled`) VALUES (1323,1311,'3212','泰州市','1');
INSERT INTO `sh_area` (`id`,`parent_id`,`code`,`name`,`enabled`) VALUES (1324,1311,'3213','宿迁市','1');
INSERT INTO `sh_area` (`id`,`parent_id`,`code`,`name`,`enabled`) VALUES (1325,0,'1','江西','1');
INSERT INTO `sh_area` (`id`,`parent_id`,`code`,`name`,`enabled`) VALUES (1326,1325,'3601','南昌市','1');
INSERT INTO `sh_area` (`id`,`parent_id`,`code`,`name`,`enabled`) VALUES (1327,1325,'3602','景德镇市','1');
INSERT INTO `sh_area` (`id`,`parent_id`,`code`,`name`,`enabled`) VALUES (1328,1325,'3603','萍乡市','1');
INSERT INTO `sh_area` (`id`,`parent_id`,`code`,`name`,`enabled`) VALUES (1329,1325,'3604','九江市','1');
INSERT INTO `sh_area` (`id`,`parent_id`,`code`,`name`,`enabled`) VALUES (1330,1325,'3605','新余市','1');
INSERT INTO `sh_area` (`id`,`parent_id`,`code`,`name`,`enabled`) VALUES (1331,1325,'3606','鹰潭市','1');
INSERT INTO `sh_area` (`id`,`parent_id`,`code`,`name`,`enabled`) VALUES (1332,1325,'3607','赣州市','1');
INSERT INTO `sh_area` (`id`,`parent_id`,`code`,`name`,`enabled`) VALUES (1333,1325,'3608','吉安市','1');
INSERT INTO `sh_area` (`id`,`parent_id`,`code`,`name`,`enabled`) VALUES (1334,1325,'3609','宜春市','1');
INSERT INTO `sh_area` (`id`,`parent_id`,`code`,`name`,`enabled`) VALUES (1335,1325,'3610','抚州市','1');
INSERT INTO `sh_area` (`id`,`parent_id`,`code`,`name`,`enabled`) VALUES (1336,1325,'3611','上饶市','1');
INSERT INTO `sh_area` (`id`,`parent_id`,`code`,`name`,`enabled`) VALUES (1337,0,'1','广东','1');
INSERT INTO `sh_area` (`id`,`parent_id`,`code`,`name`,`enabled`) VALUES (1338,1337,'4401','广州市','1');
INSERT INTO `sh_area` (`id`,`parent_id`,`code`,`name`,`enabled`) VALUES (1339,1337,'4402','韶关市','1');
INSERT INTO `sh_area` (`id`,`parent_id`,`code`,`name`,`enabled`) VALUES (1340,1337,'4403','深圳市','1');
INSERT INTO `sh_area` (`id`,`parent_id`,`code`,`name`,`enabled`) VALUES (1341,1337,'4404','珠海市','1');
INSERT INTO `sh_area` (`id`,`parent_id`,`code`,`name`,`enabled`) VALUES (1342,1337,'4405','汕头市','1');
INSERT INTO `sh_area` (`id`,`parent_id`,`code`,`name`,`enabled`) VALUES (1343,1337,'4406','佛山市','1');
INSERT INTO `sh_area` (`id`,`parent_id`,`code`,`name`,`enabled`) VALUES (1344,1337,'4407','江门市','1');
INSERT INTO `sh_area` (`id`,`parent_id`,`code`,`name`,`enabled`) VALUES (1345,1337,'4408','湛江市','1');
INSERT INTO `sh_area` (`id`,`parent_id`,`code`,`name`,`enabled`) VALUES (1346,1337,'4409','茂名市','1');
INSERT INTO `sh_area` (`id`,`parent_id`,`code`,`name`,`enabled`) VALUES (1347,1337,'4412','肇庆市','1');
INSERT INTO `sh_area` (`id`,`parent_id`,`code`,`name`,`enabled`) VALUES (1348,1337,'4413','惠州市','1');
INSERT INTO `sh_area` (`id`,`parent_id`,`code`,`name`,`enabled`) VALUES (1349,1337,'4414','梅州市','1');
INSERT INTO `sh_area` (`id`,`parent_id`,`code`,`name`,`enabled`) VALUES (1350,1337,'4415','汕尾市','1');
INSERT INTO `sh_area` (`id`,`parent_id`,`code`,`name`,`enabled`) VALUES (1351,1337,'4416','河源市','1');
INSERT INTO `sh_area` (`id`,`parent_id`,`code`,`name`,`enabled`) VALUES (1352,1337,'4417','阳江市','1');
INSERT INTO `sh_area` (`id`,`parent_id`,`code`,`name`,`enabled`) VALUES (1353,1337,'4418','清远市','1');
INSERT INTO `sh_area` (`id`,`parent_id`,`code`,`name`,`enabled`) VALUES (1354,1337,'4419','东莞市','1');
INSERT INTO `sh_area` (`id`,`parent_id`,`code`,`name`,`enabled`) VALUES (1355,1337,'4420','中山市','1');
INSERT INTO `sh_area` (`id`,`parent_id`,`code`,`name`,`enabled`) VALUES (1356,1337,'4451','潮州市','1');
INSERT INTO `sh_area` (`id`,`parent_id`,`code`,`name`,`enabled`) VALUES (1357,1337,'4452','揭阳市','1');
INSERT INTO `sh_area` (`id`,`parent_id`,`code`,`name`,`enabled`) VALUES (1358,1337,'4453','云浮市','1');
INSERT INTO `sh_area` (`id`,`parent_id`,`code`,`name`,`enabled`) VALUES (1359,0,'1','广西','1');
INSERT INTO `sh_area` (`id`,`parent_id`,`code`,`name`,`enabled`) VALUES (1360,1359,'4501','南宁市','1');
INSERT INTO `sh_area` (`id`,`parent_id`,`code`,`name`,`enabled`) VALUES (1361,1359,'4502','柳州市','1');
INSERT INTO `sh_area` (`id`,`parent_id`,`code`,`name`,`enabled`) VALUES (1362,1359,'4503','桂林市','1');
INSERT INTO `sh_area` (`id`,`parent_id`,`code`,`name`,`enabled`) VALUES (1363,1359,'4504','梧州市','1');
INSERT INTO `sh_area` (`id`,`parent_id`,`code`,`name`,`enabled`) VALUES (1364,1359,'4505','北海市','1');
INSERT INTO `sh_area` (`id`,`parent_id`,`code`,`name`,`enabled`) VALUES (1365,1359,'4506','防城港市','1');
INSERT INTO `sh_area` (`id`,`parent_id`,`code`,`name`,`enabled`) VALUES (1366,1359,'4507','钦州市','1');
INSERT INTO `sh_area` (`id`,`parent_id`,`code`,`name`,`enabled`) VALUES (1367,1359,'4508','贵港市','1');
INSERT INTO `sh_area` (`id`,`parent_id`,`code`,`name`,`enabled`) VALUES (1368,1359,'4509','玉林市','1');
INSERT INTO `sh_area` (`id`,`parent_id`,`code`,`name`,`enabled`) VALUES (1369,1359,'4510','百色市','1');
INSERT INTO `sh_area` (`id`,`parent_id`,`code`,`name`,`enabled`) VALUES (1370,1359,'4511','贺州市','1');
INSERT INTO `sh_area` (`id`,`parent_id`,`code`,`name`,`enabled`) VALUES (1371,1359,'4512','河池市','1');
INSERT INTO `sh_area` (`id`,`parent_id`,`code`,`name`,`enabled`) VALUES (1372,1359,'4513','来宾市','1');
INSERT INTO `sh_area` (`id`,`parent_id`,`code`,`name`,`enabled`) VALUES (1373,1359,'4514','崇左市','1');
INSERT INTO `sh_area` (`id`,`parent_id`,`code`,`name`,`enabled`) VALUES (1374,0,'1','云南','1');
INSERT INTO `sh_area` (`id`,`parent_id`,`code`,`name`,`enabled`) VALUES (1375,1374,'5301','昆明市','1');
INSERT INTO `sh_area` (`id`,`parent_id`,`code`,`name`,`enabled`) VALUES (1376,1374,'5303','曲靖市','1');
INSERT INTO `sh_area` (`id`,`parent_id`,`code`,`name`,`enabled`) VALUES (1377,1374,'5304','玉溪市','1');
INSERT INTO `sh_area` (`id`,`parent_id`,`code`,`name`,`enabled`) VALUES (1378,1374,'5305','保山市','1');
INSERT INTO `sh_area` (`id`,`parent_id`,`code`,`name`,`enabled`) VALUES (1379,1374,'5306','昭通市','1');
INSERT INTO `sh_area` (`id`,`parent_id`,`code`,`name`,`enabled`) VALUES (1380,1374,'5307','丽江市','1');
INSERT INTO `sh_area` (`id`,`parent_id`,`code`,`name`,`enabled`) VALUES (1381,1374,'5308','普洱市','1');
INSERT INTO `sh_area` (`id`,`parent_id`,`code`,`name`,`enabled`) VALUES (1382,1374,'5309','临沧市','1');
INSERT INTO `sh_area` (`id`,`parent_id`,`code`,`name`,`enabled`) VALUES (1383,1374,'5323','楚雄彝族自治州','1');
INSERT INTO `sh_area` (`id`,`parent_id`,`code`,`name`,`enabled`) VALUES (1384,1374,'5325','红河哈尼族彝族自治州','1');
INSERT INTO `sh_area` (`id`,`parent_id`,`code`,`name`,`enabled`) VALUES (1385,1374,'5326','文山壮族苗族自治州','1');
INSERT INTO `sh_area` (`id`,`parent_id`,`code`,`name`,`enabled`) VALUES (1386,1374,'5328','西双版纳傣族自治州','1');
INSERT INTO `sh_area` (`id`,`parent_id`,`code`,`name`,`enabled`) VALUES (1387,1374,'5329','大理白族自治州','1');
INSERT INTO `sh_area` (`id`,`parent_id`,`code`,`name`,`enabled`) VALUES (1388,1374,'5331','德宏傣族景颇族自治州','1');
INSERT INTO `sh_area` (`id`,`parent_id`,`code`,`name`,`enabled`) VALUES (1389,1374,'5333','怒江傈僳族自治州','1');
INSERT INTO `sh_area` (`id`,`parent_id`,`code`,`name`,`enabled`) VALUES (1390,1374,'5334','迪庆藏族自治州','1');
INSERT INTO `sh_area` (`id`,`parent_id`,`code`,`name`,`enabled`) VALUES (1391,0,'1','贵州','1');
INSERT INTO `sh_area` (`id`,`parent_id`,`code`,`name`,`enabled`) VALUES (1392,1391,'5201','贵阳市','1');
INSERT INTO `sh_area` (`id`,`parent_id`,`code`,`name`,`enabled`) VALUES (1393,1391,'5202','六盘水市','1');
INSERT INTO `sh_area` (`id`,`parent_id`,`code`,`name`,`enabled`) VALUES (1394,1391,'5203','遵义市','1');
INSERT INTO `sh_area` (`id`,`parent_id`,`code`,`name`,`enabled`) VALUES (1395,1391,'5204','安顺市','1');
INSERT INTO `sh_area` (`id`,`parent_id`,`code`,`name`,`enabled`) VALUES (1396,1391,'5222','铜仁地区','1');
INSERT INTO `sh_area` (`id`,`parent_id`,`code`,`name`,`enabled`) VALUES (1397,1391,'5223','黔西南布依族苗族自治州','1');
INSERT INTO `sh_area` (`id`,`parent_id`,`code`,`name`,`enabled`) VALUES (1398,1391,'5224','毕节地区','1');
INSERT INTO `sh_area` (`id`,`parent_id`,`code`,`name`,`enabled`) VALUES (1399,1391,'5226','黔东南苗族侗族自治州','1');
INSERT INTO `sh_area` (`id`,`parent_id`,`code`,`name`,`enabled`) VALUES (1400,1391,'5227','黔南布依族苗族自治州','1');
INSERT INTO `sh_area` (`id`,`parent_id`,`code`,`name`,`enabled`) VALUES (1401,0,'1','四川','1');
INSERT INTO `sh_area` (`id`,`parent_id`,`code`,`name`,`enabled`) VALUES (1402,1401,'5101','成都市','1');
INSERT INTO `sh_area` (`id`,`parent_id`,`code`,`name`,`enabled`) VALUES (1403,1401,'5103','自贡市','1');
INSERT INTO `sh_area` (`id`,`parent_id`,`code`,`name`,`enabled`) VALUES (1404,1401,'5104','攀枝花市','1');
INSERT INTO `sh_area` (`id`,`parent_id`,`code`,`name`,`enabled`) VALUES (1405,1401,'5105','泸州市','1');
INSERT INTO `sh_area` (`id`,`parent_id`,`code`,`name`,`enabled`) VALUES (1406,1401,'5106','德阳市','1');
INSERT INTO `sh_area` (`id`,`parent_id`,`code`,`name`,`enabled`) VALUES (1407,1401,'5107','绵阳市','1');
INSERT INTO `sh_area` (`id`,`parent_id`,`code`,`name`,`enabled`) VALUES (1408,1401,'5108','广元市','1');
INSERT INTO `sh_area` (`id`,`parent_id`,`code`,`name`,`enabled`) VALUES (1409,1401,'5109','遂宁市','1');
INSERT INTO `sh_area` (`id`,`parent_id`,`code`,`name`,`enabled`) VALUES (1410,1401,'5110','内江市','1');
INSERT INTO `sh_area` (`id`,`parent_id`,`code`,`name`,`enabled`) VALUES (1411,1401,'5111','乐山市','1');
INSERT INTO `sh_area` (`id`,`parent_id`,`code`,`name`,`enabled`) VALUES (1412,1401,'5113','南充市','1');
INSERT INTO `sh_area` (`id`,`parent_id`,`code`,`name`,`enabled`) VALUES (1413,1401,'5114','眉山市','1');
INSERT INTO `sh_area` (`id`,`parent_id`,`code`,`name`,`enabled`) VALUES (1414,1401,'5115','宜宾市','1');
INSERT INTO `sh_area` (`id`,`parent_id`,`code`,`name`,`enabled`) VALUES (1415,1401,'5116','广安市','1');
INSERT INTO `sh_area` (`id`,`parent_id`,`code`,`name`,`enabled`) VALUES (1416,1401,'5117','达州市','1');
INSERT INTO `sh_area` (`id`,`parent_id`,`code`,`name`,`enabled`) VALUES (1417,1401,'5118','雅安市','1');
INSERT INTO `sh_area` (`id`,`parent_id`,`code`,`name`,`enabled`) VALUES (1418,1401,'5119','巴中市','1');
INSERT INTO `sh_area` (`id`,`parent_id`,`code`,`name`,`enabled`) VALUES (1419,1401,'5120','资阳市','1');
INSERT INTO `sh_area` (`id`,`parent_id`,`code`,`name`,`enabled`) VALUES (1420,1401,'5132','阿坝藏族羌族自治州','1');
INSERT INTO `sh_area` (`id`,`parent_id`,`code`,`name`,`enabled`) VALUES (1421,1401,'5133','甘孜藏族自治州','1');
INSERT INTO `sh_area` (`id`,`parent_id`,`code`,`name`,`enabled`) VALUES (1422,1401,'5134','凉山彝族自治州','1');
INSERT INTO `sh_area` (`id`,`parent_id`,`code`,`name`,`enabled`) VALUES (1423,0,'1','内蒙古','1');
INSERT INTO `sh_area` (`id`,`parent_id`,`code`,`name`,`enabled`) VALUES (1424,1423,'1501','呼和浩特市','1');
INSERT INTO `sh_area` (`id`,`parent_id`,`code`,`name`,`enabled`) VALUES (1425,1423,'1502','包头市','1');
INSERT INTO `sh_area` (`id`,`parent_id`,`code`,`name`,`enabled`) VALUES (1426,1423,'1503','乌海市','1');
INSERT INTO `sh_area` (`id`,`parent_id`,`code`,`name`,`enabled`) VALUES (1427,1423,'1504','赤峰市','1');
INSERT INTO `sh_area` (`id`,`parent_id`,`code`,`name`,`enabled`) VALUES (1428,1423,'1505','通辽市','1');
INSERT INTO `sh_area` (`id`,`parent_id`,`code`,`name`,`enabled`) VALUES (1429,1423,'1506','鄂尔多斯市','1');
INSERT INTO `sh_area` (`id`,`parent_id`,`code`,`name`,`enabled`) VALUES (1430,1423,'1507','呼伦贝尔市','1');
INSERT INTO `sh_area` (`id`,`parent_id`,`code`,`name`,`enabled`) VALUES (1431,1423,'1508','巴彦淖尔市','1');
INSERT INTO `sh_area` (`id`,`parent_id`,`code`,`name`,`enabled`) VALUES (1432,1423,'1509','乌兰察布市','1');
INSERT INTO `sh_area` (`id`,`parent_id`,`code`,`name`,`enabled`) VALUES (1433,1423,'1522','兴安盟','1');
INSERT INTO `sh_area` (`id`,`parent_id`,`code`,`name`,`enabled`) VALUES (1434,1423,'1525','锡林郭勒盟','1');
INSERT INTO `sh_area` (`id`,`parent_id`,`code`,`name`,`enabled`) VALUES (1435,1423,'1529','阿拉善盟','1');
INSERT INTO `sh_area` (`id`,`parent_id`,`code`,`name`,`enabled`) VALUES (1436,0,'1','宁夏','1');
INSERT INTO `sh_area` (`id`,`parent_id`,`code`,`name`,`enabled`) VALUES (1437,1436,'6401','银川市','1');
INSERT INTO `sh_area` (`id`,`parent_id`,`code`,`name`,`enabled`) VALUES (1438,1436,'6402','石嘴山市','1');
INSERT INTO `sh_area` (`id`,`parent_id`,`code`,`name`,`enabled`) VALUES (1439,1436,'6403','吴忠市','1');
INSERT INTO `sh_area` (`id`,`parent_id`,`code`,`name`,`enabled`) VALUES (1440,1436,'6404','固原市','1');
INSERT INTO `sh_area` (`id`,`parent_id`,`code`,`name`,`enabled`) VALUES (1441,1436,'6405','中卫市','1');
INSERT INTO `sh_area` (`id`,`parent_id`,`code`,`name`,`enabled`) VALUES (1442,0,'1','甘肃','1');
INSERT INTO `sh_area` (`id`,`parent_id`,`code`,`name`,`enabled`) VALUES (1443,1442,'6201','兰州市','1');
INSERT INTO `sh_area` (`id`,`parent_id`,`code`,`name`,`enabled`) VALUES (1444,1442,'6202','嘉峪关市','1');
INSERT INTO `sh_area` (`id`,`parent_id`,`code`,`name`,`enabled`) VALUES (1445,1442,'6203','金昌市','1');
INSERT INTO `sh_area` (`id`,`parent_id`,`code`,`name`,`enabled`) VALUES (1446,1442,'6204','白银市','1');
INSERT INTO `sh_area` (`id`,`parent_id`,`code`,`name`,`enabled`) VALUES (1447,1442,'6205','天水市','1');
INSERT INTO `sh_area` (`id`,`parent_id`,`code`,`name`,`enabled`) VALUES (1448,1442,'6206','武威市','1');
INSERT INTO `sh_area` (`id`,`parent_id`,`code`,`name`,`enabled`) VALUES (1449,1442,'6207','张掖市','1');
INSERT INTO `sh_area` (`id`,`parent_id`,`code`,`name`,`enabled`) VALUES (1450,1442,'6208','平凉市','1');
INSERT INTO `sh_area` (`id`,`parent_id`,`code`,`name`,`enabled`) VALUES (1451,1442,'6209','酒泉市','1');
INSERT INTO `sh_area` (`id`,`parent_id`,`code`,`name`,`enabled`) VALUES (1452,1442,'6210','庆阳市','1');
INSERT INTO `sh_area` (`id`,`parent_id`,`code`,`name`,`enabled`) VALUES (1453,1442,'6211','定西市','1');
INSERT INTO `sh_area` (`id`,`parent_id`,`code`,`name`,`enabled`) VALUES (1454,1442,'6212','陇南市','1');
INSERT INTO `sh_area` (`id`,`parent_id`,`code`,`name`,`enabled`) VALUES (1455,1442,'6229','临夏回族自治州','1');
INSERT INTO `sh_area` (`id`,`parent_id`,`code`,`name`,`enabled`) VALUES (1456,1442,'6230','甘南藏族自治州','1');
INSERT INTO `sh_area` (`id`,`parent_id`,`code`,`name`,`enabled`) VALUES (1457,0,'1','青海','1');
INSERT INTO `sh_area` (`id`,`parent_id`,`code`,`name`,`enabled`) VALUES (1458,1457,'6301','西宁市','1');
INSERT INTO `sh_area` (`id`,`parent_id`,`code`,`name`,`enabled`) VALUES (1459,1457,'6321','海东地区','1');
INSERT INTO `sh_area` (`id`,`parent_id`,`code`,`name`,`enabled`) VALUES (1460,1457,'6322','海北藏族自治州','1');
INSERT INTO `sh_area` (`id`,`parent_id`,`code`,`name`,`enabled`) VALUES (1461,1457,'6323','黄南藏族自治州','1');
INSERT INTO `sh_area` (`id`,`parent_id`,`code`,`name`,`enabled`) VALUES (1462,1457,'6325','海南藏族自治州','1');
INSERT INTO `sh_area` (`id`,`parent_id`,`code`,`name`,`enabled`) VALUES (1463,1457,'6326','果洛藏族自治州','1');
INSERT INTO `sh_area` (`id`,`parent_id`,`code`,`name`,`enabled`) VALUES (1464,1457,'6327','玉树藏族自治州','1');
INSERT INTO `sh_area` (`id`,`parent_id`,`code`,`name`,`enabled`) VALUES (1465,1457,'6328','海西蒙古族藏族自治州','1');
INSERT INTO `sh_area` (`id`,`parent_id`,`code`,`name`,`enabled`) VALUES (1466,0,'1','西藏','1');
INSERT INTO `sh_area` (`id`,`parent_id`,`code`,`name`,`enabled`) VALUES (1467,1466,'5401','拉萨市','1');
INSERT INTO `sh_area` (`id`,`parent_id`,`code`,`name`,`enabled`) VALUES (1468,1466,'5421','昌都地区','1');
INSERT INTO `sh_area` (`id`,`parent_id`,`code`,`name`,`enabled`) VALUES (1469,1466,'5422','山南地区','1');
INSERT INTO `sh_area` (`id`,`parent_id`,`code`,`name`,`enabled`) VALUES (1470,1466,'5423','日喀则地区','1');
INSERT INTO `sh_area` (`id`,`parent_id`,`code`,`name`,`enabled`) VALUES (1471,1466,'5424','那曲地区','1');
INSERT INTO `sh_area` (`id`,`parent_id`,`code`,`name`,`enabled`) VALUES (1472,1466,'5425','阿里地区','1');
INSERT INTO `sh_area` (`id`,`parent_id`,`code`,`name`,`enabled`) VALUES (1473,1466,'5426','林芝地区','1');
INSERT INTO `sh_area` (`id`,`parent_id`,`code`,`name`,`enabled`) VALUES (1474,0,'1','新疆','1');
INSERT INTO `sh_area` (`id`,`parent_id`,`code`,`name`,`enabled`) VALUES (1475,1474,'6501','乌鲁木齐市','1');
INSERT INTO `sh_area` (`id`,`parent_id`,`code`,`name`,`enabled`) VALUES (1476,1474,'6502','克拉玛依市','1');
INSERT INTO `sh_area` (`id`,`parent_id`,`code`,`name`,`enabled`) VALUES (1477,1474,'6521','吐鲁番地区','1');
INSERT INTO `sh_area` (`id`,`parent_id`,`code`,`name`,`enabled`) VALUES (1478,1474,'6522','哈密地区','1');
INSERT INTO `sh_area` (`id`,`parent_id`,`code`,`name`,`enabled`) VALUES (1479,1474,'6523','昌吉回族自治州','1');
INSERT INTO `sh_area` (`id`,`parent_id`,`code`,`name`,`enabled`) VALUES (1480,1474,'6527','博尔塔拉蒙古自治州','1');
INSERT INTO `sh_area` (`id`,`parent_id`,`code`,`name`,`enabled`) VALUES (1481,1474,'6528','巴音郭楞蒙古自治州','1');
INSERT INTO `sh_area` (`id`,`parent_id`,`code`,`name`,`enabled`) VALUES (1482,1474,'6529','阿克苏地区','1');
INSERT INTO `sh_area` (`id`,`parent_id`,`code`,`name`,`enabled`) VALUES (1483,1474,'6530','克孜勒苏柯尔克孜自治州','1');
INSERT INTO `sh_area` (`id`,`parent_id`,`code`,`name`,`enabled`) VALUES (1484,1474,'6531','喀什地区','1');
INSERT INTO `sh_area` (`id`,`parent_id`,`code`,`name`,`enabled`) VALUES (1485,1474,'6532','和田地区','1');
INSERT INTO `sh_area` (`id`,`parent_id`,`code`,`name`,`enabled`) VALUES (1486,1474,'6540','伊犁哈萨克自治州','1');
INSERT INTO `sh_area` (`id`,`parent_id`,`code`,`name`,`enabled`) VALUES (1487,1474,'6542','塔城地区','1');
INSERT INTO `sh_area` (`id`,`parent_id`,`code`,`name`,`enabled`) VALUES (1488,1474,'6543','阿勒泰地区','1');
INSERT INTO `sh_area` (`id`,`parent_id`,`code`,`name`,`enabled`) VALUES (1489,1474,'659001','石河子市','1');
INSERT INTO `sh_area` (`id`,`parent_id`,`code`,`name`,`enabled`) VALUES (1490,1474,'659002','阿拉尔市','1');
INSERT INTO `sh_area` (`id`,`parent_id`,`code`,`name`,`enabled`) VALUES (1491,1474,'659003','图木舒克市','1');
INSERT INTO `sh_area` (`id`,`parent_id`,`code`,`name`,`enabled`) VALUES (1492,1474,'659004','五家渠市','1');
INSERT INTO `sh_area` (`id`,`parent_id`,`code`,`name`,`enabled`) VALUES (1493,0,'1','安徽','1');
INSERT INTO `sh_area` (`id`,`parent_id`,`code`,`name`,`enabled`) VALUES (1494,1493,'3401','合肥市','1');
INSERT INTO `sh_area` (`id`,`parent_id`,`code`,`name`,`enabled`) VALUES (1495,1493,'3402','芜湖市','1');
INSERT INTO `sh_area` (`id`,`parent_id`,`code`,`name`,`enabled`) VALUES (1496,1493,'3403','蚌埠市','1');
INSERT INTO `sh_area` (`id`,`parent_id`,`code`,`name`,`enabled`) VALUES (1497,1493,'3404','淮南市','1');
INSERT INTO `sh_area` (`id`,`parent_id`,`code`,`name`,`enabled`) VALUES (1498,1493,'3405','马鞍山市','1');
INSERT INTO `sh_area` (`id`,`parent_id`,`code`,`name`,`enabled`) VALUES (1499,1493,'3406','淮北市','1');
INSERT INTO `sh_area` (`id`,`parent_id`,`code`,`name`,`enabled`) VALUES (1500,1493,'3407','铜陵市','1');
INSERT INTO `sh_area` (`id`,`parent_id`,`code`,`name`,`enabled`) VALUES (1501,1493,'3408','安庆市','1');
INSERT INTO `sh_area` (`id`,`parent_id`,`code`,`name`,`enabled`) VALUES (1502,1493,'3410','黄山市','1');
INSERT INTO `sh_area` (`id`,`parent_id`,`code`,`name`,`enabled`) VALUES (1503,1493,'3411','滁州市','1');
INSERT INTO `sh_area` (`id`,`parent_id`,`code`,`name`,`enabled`) VALUES (1504,1493,'3412','阜阳市','1');
INSERT INTO `sh_area` (`id`,`parent_id`,`code`,`name`,`enabled`) VALUES (1505,1493,'3413','宿州市','1');
INSERT INTO `sh_area` (`id`,`parent_id`,`code`,`name`,`enabled`) VALUES (1506,1493,'3414','巢湖市','1');
INSERT INTO `sh_area` (`id`,`parent_id`,`code`,`name`,`enabled`) VALUES (1507,1493,'3415','六安市','1');
INSERT INTO `sh_area` (`id`,`parent_id`,`code`,`name`,`enabled`) VALUES (1508,1493,'3416','亳州市','1');
INSERT INTO `sh_area` (`id`,`parent_id`,`code`,`name`,`enabled`) VALUES (1509,1493,'3417','池州市','1');
INSERT INTO `sh_area` (`id`,`parent_id`,`code`,`name`,`enabled`) VALUES (1510,1493,'3418','宣城市','1');
INSERT INTO `sh_area` (`id`,`parent_id`,`code`,`name`,`enabled`) VALUES (1511,0,'1','浙江','1');
INSERT INTO `sh_area` (`id`,`parent_id`,`code`,`name`,`enabled`) VALUES (1512,1511,'3301','杭州市','1');
INSERT INTO `sh_area` (`id`,`parent_id`,`code`,`name`,`enabled`) VALUES (1513,1511,'3302','宁波市','1');
INSERT INTO `sh_area` (`id`,`parent_id`,`code`,`name`,`enabled`) VALUES (1514,1511,'3303','温州市','1');
INSERT INTO `sh_area` (`id`,`parent_id`,`code`,`name`,`enabled`) VALUES (1515,1511,'3304','嘉兴市','1');
INSERT INTO `sh_area` (`id`,`parent_id`,`code`,`name`,`enabled`) VALUES (1516,1511,'3305','湖州市','1');
INSERT INTO `sh_area` (`id`,`parent_id`,`code`,`name`,`enabled`) VALUES (1517,1511,'3306','绍兴市','1');
INSERT INTO `sh_area` (`id`,`parent_id`,`code`,`name`,`enabled`) VALUES (1518,1511,'3307','金华市','1');
INSERT INTO `sh_area` (`id`,`parent_id`,`code`,`name`,`enabled`) VALUES (1519,1511,'3308','衢州市','1');
INSERT INTO `sh_area` (`id`,`parent_id`,`code`,`name`,`enabled`) VALUES (1520,1511,'3309','舟山市','1');
INSERT INTO `sh_area` (`id`,`parent_id`,`code`,`name`,`enabled`) VALUES (1521,1511,'3310','台州市','1');
INSERT INTO `sh_area` (`id`,`parent_id`,`code`,`name`,`enabled`) VALUES (1522,1511,'3311','丽水市','1');
INSERT INTO `sh_area` (`id`,`parent_id`,`code`,`name`,`enabled`) VALUES (1523,0,'1','福建','1');
INSERT INTO `sh_area` (`id`,`parent_id`,`code`,`name`,`enabled`) VALUES (1524,1523,'3501','福州市','1');
INSERT INTO `sh_area` (`id`,`parent_id`,`code`,`name`,`enabled`) VALUES (1525,1523,'3502','厦门市','1');
INSERT INTO `sh_area` (`id`,`parent_id`,`code`,`name`,`enabled`) VALUES (1526,1523,'3503','莆田市','1');
INSERT INTO `sh_area` (`id`,`parent_id`,`code`,`name`,`enabled`) VALUES (1527,1523,'3504','三明市','1');
INSERT INTO `sh_area` (`id`,`parent_id`,`code`,`name`,`enabled`) VALUES (1528,1523,'3505','泉州市','1');
INSERT INTO `sh_area` (`id`,`parent_id`,`code`,`name`,`enabled`) VALUES (1529,1523,'3506','漳州市','1');
INSERT INTO `sh_area` (`id`,`parent_id`,`code`,`name`,`enabled`) VALUES (1530,1523,'3507','南平市','1');
INSERT INTO `sh_area` (`id`,`parent_id`,`code`,`name`,`enabled`) VALUES (1531,1523,'3508','龙岩市','1');
INSERT INTO `sh_area` (`id`,`parent_id`,`code`,`name`,`enabled`) VALUES (1532,1523,'3509','宁德市','1');
INSERT INTO `sh_area` (`id`,`parent_id`,`code`,`name`,`enabled`) VALUES (1533,0,'1','台湾','1');
INSERT INTO `sh_area` (`id`,`parent_id`,`code`,`name`,`enabled`) VALUES (1534,1533,'7101','台北市','1');
INSERT INTO `sh_area` (`id`,`parent_id`,`code`,`name`,`enabled`) VALUES (1535,1533,'7102','高雄市','1');
INSERT INTO `sh_area` (`id`,`parent_id`,`code`,`name`,`enabled`) VALUES (1536,1533,'7103','基隆市','1');
INSERT INTO `sh_area` (`id`,`parent_id`,`code`,`name`,`enabled`) VALUES (1537,1533,'7104','台中市','1');
INSERT INTO `sh_area` (`id`,`parent_id`,`code`,`name`,`enabled`) VALUES (1538,1533,'7105','台南市','1');
INSERT INTO `sh_area` (`id`,`parent_id`,`code`,`name`,`enabled`) VALUES (1539,1533,'7106','新竹市','1');
INSERT INTO `sh_area` (`id`,`parent_id`,`code`,`name`,`enabled`) VALUES (1540,1533,'7107','嘉义市','1');
INSERT INTO `sh_area` (`id`,`parent_id`,`code`,`name`,`enabled`) VALUES (1541,0,'1','香港','1');
INSERT INTO `sh_area` (`id`,`parent_id`,`code`,`name`,`enabled`) VALUES (1542,1541,'8101','中西区','1');
INSERT INTO `sh_area` (`id`,`parent_id`,`code`,`name`,`enabled`) VALUES (1543,1541,'8102','湾仔区','1');
INSERT INTO `sh_area` (`id`,`parent_id`,`code`,`name`,`enabled`) VALUES (1544,1541,'8103','东区','1');
INSERT INTO `sh_area` (`id`,`parent_id`,`code`,`name`,`enabled`) VALUES (1545,1541,'8104','南区','1');
INSERT INTO `sh_area` (`id`,`parent_id`,`code`,`name`,`enabled`) VALUES (1546,1541,'8105','油尖旺区','1');
INSERT INTO `sh_area` (`id`,`parent_id`,`code`,`name`,`enabled`) VALUES (1547,1541,'8106','深水埗区','1');
INSERT INTO `sh_area` (`id`,`parent_id`,`code`,`name`,`enabled`) VALUES (1548,1541,'8107','九龙城区','1');
INSERT INTO `sh_area` (`id`,`parent_id`,`code`,`name`,`enabled`) VALUES (1549,1541,'8108','黄大仙区','1');
INSERT INTO `sh_area` (`id`,`parent_id`,`code`,`name`,`enabled`) VALUES (1550,1541,'8109','观塘区','1');
INSERT INTO `sh_area` (`id`,`parent_id`,`code`,`name`,`enabled`) VALUES (1551,1541,'8110','荃湾区','1');
INSERT INTO `sh_area` (`id`,`parent_id`,`code`,`name`,`enabled`) VALUES (1552,1541,'8111','葵青区','1');
INSERT INTO `sh_area` (`id`,`parent_id`,`code`,`name`,`enabled`) VALUES (1553,1541,'8112','沙田区','1');
INSERT INTO `sh_area` (`id`,`parent_id`,`code`,`name`,`enabled`) VALUES (1554,1541,'8113','西贡区','1');
INSERT INTO `sh_area` (`id`,`parent_id`,`code`,`name`,`enabled`) VALUES (1555,1541,'8114','大埔区','1');
INSERT INTO `sh_area` (`id`,`parent_id`,`code`,`name`,`enabled`) VALUES (1556,1541,'8115','北区','1');
INSERT INTO `sh_area` (`id`,`parent_id`,`code`,`name`,`enabled`) VALUES (1557,1541,'8116','元朗区','1');
INSERT INTO `sh_area` (`id`,`parent_id`,`code`,`name`,`enabled`) VALUES (1558,1541,'8117','屯门区','1');
INSERT INTO `sh_area` (`id`,`parent_id`,`code`,`name`,`enabled`) VALUES (1559,1541,'8118','离岛区','1');
INSERT INTO `sh_area` (`id`,`parent_id`,`code`,`name`,`enabled`) VALUES (1560,0,'1','澳门','1');
INSERT INTO `sh_area` (`id`,`parent_id`,`code`,`name`,`enabled`) VALUES (1561,1560,'8200','澳门','1');
